{
  "schema": "omnipotent.calibration.v1",
  "seed": 10,
  "provider": "anthropic",
  "model": "claude-sonnet-4-20250514",
  "timestamp": "2026-02-20T13:55:15.939Z",
  "prompt_hash": "0a331d04f95375ec1479aa4a0a775fcfca3b599d785f4a6abf0261bd7815793d",
  "output_hash": "c64a3c231e6d56bd4112b416e8e73b15087f292883fe0ac292b95a441ae2538b",
  "scores": {
    "physics_score": 90.99,
    "S_score": 90.25633389339373,
    "Q_text": 89.24554965671904,
    "M": 88.24608523250555,
    "G": 90.25633389339373,
    "delta_as": 1,
    "AS": 93.2,
    "ECC": 97.84455652707999,
    "RCI": 74.24107774408543,
    "SII": 84.92857142857143,
    "IFI": 93.07361308677098,
    "AAI": 93.2
  },
  "verdict": "REJECT",
  "physics_audit": {
    "forced_transitions": 0,
    "dead_zones": 0,
    "feasibility_failures": 0,
    "trajectory_compliance": 0.9098999999999999
  },
  "run_hash": "2e19f9432e3a127e452dcd2764bb33e89cbcd3cf98b28131b3cbc7715f2074aa"
}