{
  "schema": "omnipotent.calibration.v1",
  "seed": 12,
  "provider": "anthropic",
  "model": "claude-sonnet-4-20250514",
  "timestamp": "2026-02-20T14:43:33.237Z",
  "prompt_hash": "0a331d04f95375ec1479aa4a0a775fcfca3b599d785f4a6abf0261bd7815793d",
  "output_hash": "c4df232d4b79797ad2e5a5a31360c5775dbed69328562748678bbbfcac1bc842",
  "scores": {
    "physics_score": 80.1,
    "S_score": 89.14158761571645,
    "Q_text": 89.14816108189201,
    "M": 89.15473503280718,
    "G": 89.14158761571645,
    "delta_as": 1,
    "AS": 93.2,
    "ECC": 89.83544426459103,
    "RCI": 76.72143679502736,
    "SII": 87.68831168831169,
    "IFI": 100,
    "AAI": 93.2
  },
  "verdict": "REJECT",
  "physics_audit": {
    "forced_transitions": 0,
    "dead_zones": 0,
    "feasibility_failures": 0,
    "trajectory_compliance": 0.8009999999999999
  },
  "run_hash": "76118e398a047bdd60e8a00fdab07bd8a120ff0856f2c29fb525ad037cad1274"
}