{
  "schema": "omnipotent.calibration.v1",
  "seed": 8,
  "provider": "anthropic",
  "model": "claude-sonnet-4-20250514",
  "timestamp": "2026-02-20T13:09:23.045Z",
  "prompt_hash": "0a331d04f95375ec1479aa4a0a775fcfca3b599d785f4a6abf0261bd7815793d",
  "output_hash": "497ab7ba6531234fcf1912e24f16dc1f3fd9ff8ad3ce239791f4fcc8e786b979",
  "scores": {
    "physics_score": 84.47,
    "S_score": 89.98998172164522,
    "Q_text": 89.88448586094589,
    "M": 89.77911367375344,
    "G": 89.98998172164522,
    "delta_as": 1,
    "AS": 95.6,
    "ECC": 90.24485416067388,
    "RCI": 79.5430617996646,
    "SII": 86.10526315789473,
    "IFI": 98.71069868995633,
    "AAI": 95.6
  },
  "verdict": "REJECT",
  "physics_audit": {
    "forced_transitions": 0,
    "dead_zones": 0,
    "feasibility_failures": 0,
    "trajectory_compliance": 0.8447
  },
  "run_hash": "6579e2f29436e22499f79f910ec86750c600f8cb57d7af4ce3807f4223fa1606"
}