{
  "schema": "omnipotent.calibration.v1",
  "seed": 6,
  "provider": "anthropic",
  "model": "claude-sonnet-4-20250514",
  "timestamp": "2026-02-20T12:21:13.781Z",
  "prompt_hash": "0a331d04f95375ec1479aa4a0a775fcfca3b599d785f4a6abf0261bd7815793d",
  "output_hash": "12712ec3c482ad0b495f7909113de94d10d61c0112c087c8dc50b8984cd25d68",
  "scores": {
    "physics_score": 81.84,
    "S_score": 88.94033982742243,
    "Q_text": 88.58638501092595,
    "M": 88.23383882421842,
    "G": 88.94033982742243,
    "delta_as": 1,
    "AS": 95.6,
    "ECC": 90.57732283550193,
    "RCI": 74.85856048085459,
    "SII": 84.07142857142857,
    "IFI": 98.13153724247226,
    "AAI": 95.6
  },
  "verdict": "REJECT",
  "physics_audit": {
    "forced_transitions": 0,
    "dead_zones": 0,
    "feasibility_failures": 0,
    "trajectory_compliance": 0.8184
  },
  "run_hash": "4398f998dd38921a2c7987b2cb3b7af2cb1c883d70a92ef89cb2d84d2f9bbea7"
}