{
  "schema": "omnipotent.calibration.v1",
  "seed": 13,
  "provider": "anthropic",
  "model": "claude-sonnet-4-20250514",
  "timestamp": "2026-02-20T15:06:14.226Z",
  "prompt_hash": "0a331d04f95375ec1479aa4a0a775fcfca3b599d785f4a6abf0261bd7815793d",
  "output_hash": "7cc94c9bb6abecfded00da5606fb8d884ade4c8354d01cd19e2bd512fbeb237b",
  "scores": {
    "physics_score": 78.99,
    "S_score": 87.30023498470834,
    "Q_text": 87.73007208627236,
    "M": 88.16202556168018,
    "G": 87.30023498470834,
    "delta_as": 1,
    "AS": 95.6,
    "ECC": 81.49164308941236,
    "RCI": 79.25062179187566,
    "SII": 88.82142857142857,
    "IFI": 97.1217277486911,
    "AAI": 95.6
  },
  "verdict": "REJECT",
  "physics_audit": {
    "forced_transitions": 0,
    "dead_zones": 0,
    "feasibility_failures": 0,
    "trajectory_compliance": 0.7898999999999999
  },
  "run_hash": "433a63d0dd5d18a0bb60c9765e62a33f9b24b8a9a16f2766ad3e7040f3d79008"
}