{
  "schema": "omnipotent.calibration.v1",
  "seed": 5,
  "provider": "anthropic",
  "model": "claude-sonnet-4-20250514",
  "timestamp": "2026-02-20T11:55:10.491Z",
  "prompt_hash": "0a331d04f95375ec1479aa4a0a775fcfca3b599d785f4a6abf0261bd7815793d",
  "output_hash": "1ff75f9c578f37147a2309f81ca5c453728068904ee5a4981b911909d653f205",
  "scores": {
    "physics_score": 78.51,
    "S_score": 86.8889134781123,
    "Q_text": 87.82052082825935,
    "M": 88.76211670536692,
    "G": 86.8889134781123,
    "delta_as": 1,
    "AS": 95.6,
    "ECC": 76.53501611874476,
    "RCI": 84.47605639704686,
    "SII": 89.14285714285714,
    "IFI": 100,
    "AAI": 95.6
  },
  "verdict": "REJECT",
  "physics_audit": {
    "forced_transitions": 0,
    "dead_zones": 0,
    "feasibility_failures": 0,
    "trajectory_compliance": 0.7851
  },
  "run_hash": "4eeed61c44e2d1ac5ad991ace97e3df5ec9ec55dbedd0f6a9d973b6e53f0e30a"
}