{
  "schema": "omnipotent.calibration.v1",
  "seed": 4,
  "provider": "anthropic",
  "model": "claude-sonnet-4-20250514",
  "timestamp": "2026-02-20T11:36:23.069Z",
  "prompt_hash": "0a331d04f95375ec1479aa4a0a775fcfca3b599d785f4a6abf0261bd7815793d",
  "output_hash": "eb9f8fd16b8eaab79c899340183b2d47dfee29ce4d9d4669599ca04482805d47",
  "scores": {
    "physics_score": 83.39,
    "S_score": 91.74565145429247,
    "Q_text": 91.37212197631642,
    "M": 91.00011327091875,
    "G": 91.74565145429247,
    "delta_as": 1,
    "AS": 95.6,
    "ECC": 95.02272520188235,
    "RCI": 80.74963442327648,
    "SII": 85.07142857142857,
    "IFI": 100,
    "AAI": 95.6
  },
  "verdict": "REJECT",
  "physics_audit": {
    "forced_transitions": 0,
    "dead_zones": 0,
    "feasibility_failures": 0,
    "trajectory_compliance": 0.8339
  },
  "run_hash": "f160e81df9be815454dd398c4bea2d84e407413181a5314b373f8ee04a65dbd6"
}