{
  "schema": "omnipotent.calibration.v1",
  "seed": 2,
  "provider": "anthropic",
  "model": "claude-sonnet-4-20250514",
  "timestamp": "2026-02-20T10:53:04.199Z",
  "prompt_hash": "0a331d04f95375ec1479aa4a0a775fcfca3b599d785f4a6abf0261bd7815793d",
  "output_hash": "00c9d4c65b64f486084683ee2f24958996610d16f4364fddd4708e64f56f43b0",
  "scores": {
    "physics_score": 80.22,
    "S_score": 88.40631396591107,
    "Q_text": 88.16304931861157,
    "M": 87.92045405436822,
    "G": 88.40631396591107,
    "delta_as": 1,
    "AS": 95.6,
    "ECC": 88.86117488420575,
    "RCI": 79.45368384778335,
    "SII": 77.83333333333334,
    "IFI": 100,
    "AAI": 95.6
  },
  "verdict": "REJECT",
  "physics_audit": {
    "forced_transitions": 0,
    "dead_zones": 0,
    "feasibility_failures": 0,
    "trajectory_compliance": 0.8022
  },
  "run_hash": "da085003d15098a693b1eda9698949f86df587f719e67797507aca8b9c3731bb"
}