{
  "schema": "omnipotent.calibration.v1",
  "seed": 9,
  "provider": "anthropic",
  "model": "claude-sonnet-4-20250514",
  "timestamp": "2026-02-20T13:30:09.691Z",
  "prompt_hash": "0a331d04f95375ec1479aa4a0a775fcfca3b599d785f4a6abf0261bd7815793d",
  "output_hash": "7c220e211e210b6cb025871282dc341683cd4e0e98b300694b9909f4ce77147a",
  "scores": {
    "physics_score": 82.37,
    "S_score": 86.55117768288953,
    "Q_text": 86.7803789867023,
    "M": 87.01018725207327,
    "G": 86.55117768288953,
    "delta_as": 1,
    "AS": 93.2,
    "ECC": 82.77475895999865,
    "RCI": 79.65294048322782,
    "SII": 87.36842105263158,
    "IFI": 92.89244186046511,
    "AAI": 93.2
  },
  "verdict": "REJECT",
  "physics_audit": {
    "forced_transitions": 0,
    "dead_zones": 0,
    "feasibility_failures": 0,
    "trajectory_compliance": 0.8237000000000001
  },
  "run_hash": "db3f4dfdba8e98628fbaeef17535a3fc4318df312b059e006ea3fc47de4e22c5"
}