{
  "schema": "omnipotent.calibration.v1",
  "seed": 11,
  "provider": "anthropic",
  "model": "claude-sonnet-4-20250514",
  "timestamp": "2026-02-20T14:17:31.418Z",
  "prompt_hash": "0a331d04f95375ec1479aa4a0a775fcfca3b599d785f4a6abf0261bd7815793d",
  "output_hash": "4092fac37d04303d587a9d67257091033ae288d67d06a471683ff4c72aed4bda",
  "scores": {
    "physics_score": 81.71,
    "S_score": 87.13419181085422,
    "Q_text": 87.41601533476178,
    "M": 87.698750377982,
    "G": 87.13419181085422,
    "delta_as": 1,
    "AS": 95.6,
    "ECC": 82.97696296994103,
    "RCI": 79.35629141751629,
    "SII": 82.40816326530613,
    "IFI": 100,
    "AAI": 95.6
  },
  "verdict": "REJECT",
  "physics_audit": {
    "forced_transitions": 0,
    "dead_zones": 0,
    "feasibility_failures": 0,
    "trajectory_compliance": 0.8170999999999999
  },
  "run_hash": "072cea0f580f5850762355fe85553457bea300abe9c2f93b97403a5e252449d3"
}