{
  "schema": "omnipotent.calibration.v1",
  "seed": 7,
  "provider": "anthropic",
  "model": "claude-sonnet-4-20250514",
  "timestamp": "2026-02-20T12:47:34.554Z",
  "prompt_hash": "0a331d04f95375ec1479aa4a0a775fcfca3b599d785f4a6abf0261bd7815793d",
  "output_hash": "92b639f783f7d1ad035edb6e93510739ef2203a34969752fba10640061de7f3b",
  "scores": {
    "physics_score": 87.33,
    "S_score": 88.0411104702261,
    "Q_text": 87.93506006465364,
    "M": 87.82913740268258,
    "G": 88.0411104702261,
    "delta_as": 1,
    "AS": 95.6,
    "ECC": 86.94949793940816,
    "RCI": 77.76721696187363,
    "SII": 84.07142857142857,
    "IFI": 96.16634980988593,
    "AAI": 95.6
  },
  "verdict": "REJECT",
  "physics_audit": {
    "forced_transitions": 0,
    "dead_zones": 0,
    "feasibility_failures": 0,
    "trajectory_compliance": 0.8733
  },
  "run_hash": "dbaab4ffc9801e4fd013f3ede7ebabc181c2c00553868c88862648714eea7847"
}