{
  "schema": "omnipotent.calibration.v1",
  "seed": 1,
  "provider": "anthropic",
  "model": "claude-sonnet-4-20250514",
  "timestamp": "2026-02-20T10:24:40.512Z",
  "prompt_hash": "0a331d04f95375ec1479aa4a0a775fcfca3b599d785f4a6abf0261bd7815793d",
  "output_hash": "21d8feafe6ff2384742d1bebf0ddb7f9a9744d198b0139f90b2c27cd60f9db08",
  "scores": {
    "physics_score": 82.07,
    "S_score": 90.63616568019117,
    "Q_text": 90.6184069273692,
    "M": 90.60065165409975,
    "G": 90.63616568019117,
    "delta_as": 1,
    "AS": 95.6,
    "ECC": 90.5664684924584,
    "RCI": 81.70125680045352,
    "SII": 86.73809523809526,
    "IFI": 99.49303135888502,
    "AAI": 95.6
  },
  "verdict": "REJECT",
  "physics_audit": {
    "forced_transitions": 0,
    "dead_zones": 0,
    "feasibility_failures": 0,
    "trajectory_compliance": 0.8207
  },
  "run_hash": "7ca8520e59fcb4b7c4be933df78383b2c6ce7c626e3525bc0ef9a8f737287c82"
}