{
  "schema": "omnipotent.calibration.v1",
  "seed": 14,
  "provider": "anthropic",
  "model": "claude-sonnet-4-20250514",
  "timestamp": "2026-02-20T15:26:51.048Z",
  "prompt_hash": "0a331d04f95375ec1479aa4a0a775fcfca3b599d785f4a6abf0261bd7815793d",
  "output_hash": "7c9cd491e08ee17974ac419959b931def125b9b7e32c9b9f725a9ae6da3af159",
  "scores": {
    "physics_score": 82.63,
    "S_score": 90.90349655088146,
    "Q_text": 90.5838473942534,
    "M": 90.26532223821069,
    "G": 90.90349655088146,
    "delta_as": 1,
    "AS": 93.2,
    "ECC": 94.88470522403354,
    "RCI": 76.59112467865562,
    "SII": 88.47368421052632,
    "IFI": 100,
    "AAI": 93.2
  },
  "verdict": "REJECT",
  "physics_audit": {
    "forced_transitions": 0,
    "dead_zones": 0,
    "feasibility_failures": 0,
    "trajectory_compliance": 0.8262999999999999
  },
  "run_hash": "2add4f4c6026f20c31c5e194b39773be4e020044a45da11dedf9da7dec593ec3"
}