{
  "schema": "omnipotent.calibration.v1",
  "seed": 3,
  "provider": "anthropic",
  "model": "claude-sonnet-4-20250514",
  "timestamp": "2026-02-20T11:14:57.620Z",
  "prompt_hash": "0a331d04f95375ec1479aa4a0a775fcfca3b599d785f4a6abf0261bd7815793d",
  "output_hash": "32c39fe6efae7cdd4b172831f7a25f9044b67c001f27afdb2915df3b6e2a8242",
  "scores": {
    "physics_score": 84.69,
    "S_score": 88.75667776062791,
    "Q_text": 88.52377265041086,
    "M": 88.29147870311398,
    "G": 88.75667776062791,
    "delta_as": 1,
    "AS": 93.2,
    "ECC": 91.12484487850946,
    "RCI": 75.27657301328382,
    "SII": 83.92307692307692,
    "IFI": 100,
    "AAI": 93.2
  },
  "verdict": "REJECT",
  "physics_audit": {
    "forced_transitions": 0,
    "dead_zones": 0,
    "feasibility_failures": 0,
    "trajectory_compliance": 0.8469
  },
  "run_hash": "2dd07bd7c03529e3941243147151d7a4b20f567650a12615cfebbe0c1051f054"
}