{
  "live_id": "LIVE-1771333391977",
  "total_runs": 5,
  "successful_runs": 5,
  "failed_runs": 0,
  "s_scores": [
    90.69285370289816,
    90.50475506166265,
    87.05354658210688,
    86.93758474137157,
    87.71433555563554
  ],
  "s_score_min": 86.93758474137157,
  "s_score_max": 90.69285370289816,
  "s_score_range": 3.755268961526596,
  "s_score_mean": 88.58061512873496,
  "verdicts": [],
  "all_seal": false,
  "gate_pass": false,
  "gate_criteria": {
    "required_seal_rate": "100%",
    "required_range_max": 5,
    "actual_range": 3.755268961526596
  }
}