{
  "schema": "genius.phi.shadow.v1",
  "seed": 36,
  "actual_seed": 36,
  "text_hash": "546062a1634a466db013ef3384cf25e5e1459055581d1bb8d841bb10385636c6",
  "phi_metrics": {
    "observer_only": true,
    "phi_reference": 1.6180339887,
    "sentence_count": 62,
    "sentence_lengths": [
      16,
      33,
      19,
      18,
      11,
      19,
      18,
      25,
      19,
      2,
      15,
      28,
      12,
      24,
      15,
      20,
      11,
      10,
      12,
      9,
      21,
      12,
      20,
      10,
      3,
      15,
      15,
      11,
      9,
      12,
      7,
      16,
      10,
      4,
      4,
      16,
      9,
      10,
      10,
      12,
      11,
      21,
      11,
      17,
      20,
      8,
      6,
      3,
      2,
      24,
      10,
      22,
      2,
      22,
      5,
      20,
      6,
      6,
      11,
      2,
      23,
      14
    ],
    "ratios": [
      2.0625,
      0.5757575757575758,
      0.9473684210526315,
      0.6111111111111112,
      1.7272727272727273,
      0.9473684210526315,
      1.3888888888888888,
      0.76,
      0.10526315789473684,
      7.5,
      1.8666666666666667,
      0.42857142857142855,
      2,
      0.625,
      1.3333333333333333,
      0.55,
      0.9090909090909091,
      1.2,
      0.75,
      2.3333333333333335,
      0.5714285714285714,
      1.6666666666666667,
      0.5,
      0.3,
      5,
      1,
      0.7333333333333333,
      0.8181818181818182,
      1.3333333333333333,
      0.5833333333333334,
      2.2857142857142856,
      0.625,
      0.4,
      1,
      4,
      0.5625,
      1.1111111111111112,
      1,
      1.2,
      0.9166666666666666,
      1.9090909090909092,
      0.5238095238095238,
      1.5454545454545454,
      1.1764705882352942,
      0.4,
      0.75,
      0.5,
      0.6666666666666666,
      12,
      0.4166666666666667,
      2.2,
      0.09090909090909091,
      11,
      0.22727272727272727,
      4,
      0.3,
      1,
      1.8333333333333333,
      0.18181818181818182,
      11.5,
      0.6086956521739131
    ],
    "ratio_mean": 1.7550652947414092,
    "ratio_std": 2.5339806785933376,
    "distance_to_phi_mean": 0.13703130604140923
  }
}