{
  "schema": "genius.phi.shadow.v1",
  "seed": 49,
  "actual_seed": 149,
  "text_hash": "25d863121493c91c4008486a7ff873956de23db51b1f1ecdc12feea471101b22",
  "phi_metrics": {
    "observer_only": true,
    "phi_reference": 1.6180339887,
    "sentence_count": 41,
    "sentence_lengths": [
      21,
      26,
      19,
      18,
      9,
      17,
      9,
      16,
      22,
      8,
      6,
      1,
      1,
      15,
      18,
      19,
      18,
      8,
      14,
      6,
      11,
      19,
      25,
      3,
      12,
      17,
      19,
      14,
      17,
      23,
      17,
      5,
      18,
      6,
      9,
      4,
      3,
      3,
      15,
      20,
      26
    ],
    "ratios": [
      1.2380952380952381,
      0.7307692307692307,
      0.9473684210526315,
      0.5,
      1.8888888888888888,
      0.5294117647058824,
      1.7777777777777777,
      1.375,
      0.36363636363636365,
      0.75,
      0.16666666666666666,
      1,
      15,
      1.2,
      1.0555555555555556,
      0.9473684210526315,
      0.4444444444444444,
      1.75,
      0.42857142857142855,
      1.8333333333333333,
      1.7272727272727273,
      1.3157894736842106,
      0.12,
      4,
      1.4166666666666667,
      1.1176470588235294,
      0.7368421052631579,
      1.2142857142857142,
      1.3529411764705883,
      0.7391304347826086,
      0.29411764705882354,
      3.6,
      0.3333333333333333,
      1.5,
      0.4444444444444444,
      0.75,
      1,
      5,
      1.3333333333333333,
      1.3
    ],
    "ratio_mean": 1.5805672912492301,
    "ratio_std": 2.362095917546544,
    "distance_to_phi_mean": 0.037466697450769804
  }
}