{
  "schema": "genius.phi.shadow.v1",
  "seed": 1,
  "text_hash": "b567dd99678843bb44e02a88fd163a923f1357ccf1119b1596acb1cbe4785815",
  "phi_metrics": {
    "observer_only": true,
    "phi_reference": 1.6180339887,
    "sentence_count": 46,
    "sentence_lengths": [
      15,
      23,
      22,
      19,
      22,
      17,
      19,
      5,
      7,
      22,
      7,
      16,
      20,
      1,
      10,
      8,
      1,
      14,
      9,
      20,
      19,
      17,
      11,
      9,
      4,
      4,
      1,
      1,
      12,
      17,
      8,
      21,
      23,
      11,
      5,
      9,
      15,
      18,
      5,
      5,
      21,
      17,
      8,
      27,
      4,
      13
    ],
    "ratios": [
      1.5333333333333334,
      0.9565217391304348,
      0.8636363636363636,
      1.1578947368421053,
      0.7727272727272727,
      1.1176470588235294,
      0.2631578947368421,
      1.4,
      3.142857142857143,
      0.3181818181818182,
      2.2857142857142856,
      1.25,
      0.05,
      10,
      0.8,
      0.125,
      14,
      0.6428571428571429,
      2.2222222222222223,
      0.95,
      0.8947368421052632,
      0.6470588235294118,
      0.8181818181818182,
      0.4444444444444444,
      1,
      0.25,
      1,
      12,
      1.4166666666666667,
      0.47058823529411764,
      2.625,
      1.0952380952380953,
      0.4782608695652174,
      0.45454545454545453,
      1.8,
      1.6666666666666667,
      1.2,
      0.2777777777777778,
      1,
      4.2,
      0.8095238095238095,
      0.47058823529411764,
      3.375,
      0.14814814814814814,
      3.25
    ],
    "ratio_mean": 1.9032039310676339,
    "ratio_std": 2.882271999735403,
    "distance_to_phi_mean": 0.28516994236763393
  }
}