{
  "schema": "genius.phi.shadow.v1",
  "seed": 4,
  "text_hash": "5350e732f7f304f03608baa70047c1c004c1c47f7ae63e4c10d491efed888503",
  "phi_metrics": {
    "observer_only": true,
    "phi_reference": 1.6180339887,
    "sentence_count": 36,
    "sentence_lengths": [
      18,
      26,
      28,
      10,
      25,
      23,
      25,
      6,
      20,
      20,
      14,
      12,
      9,
      18,
      27,
      25,
      17,
      11,
      14,
      21,
      14,
      22,
      11,
      21,
      18,
      7,
      18,
      10,
      10,
      25,
      18,
      18,
      5,
      19,
      17,
      32
    ],
    "ratios": [
      1.4444444444444444,
      1.0769230769230769,
      0.35714285714285715,
      2.5,
      0.92,
      1.0869565217391304,
      0.24,
      3.3333333333333335,
      1,
      0.7,
      0.8571428571428571,
      0.75,
      2,
      1.5,
      0.9259259259259259,
      0.68,
      0.6470588235294118,
      1.2727272727272727,
      1.5,
      0.6666666666666666,
      1.5714285714285714,
      0.5,
      1.9090909090909092,
      0.8571428571428571,
      0.3888888888888889,
      2.5714285714285716,
      0.5555555555555556,
      1,
      2.5,
      0.72,
      1,
      0.2777777777777778,
      3.8,
      0.8947368421052632,
      1.8823529411764706
    ],
    "ratio_mean": 1.253906419833424,
    "ratio_std": 0.8397375285788857,
    "distance_to_phi_mean": 0.36412756886657593
  }
}