{
  "schema": "genius.phi.shadow.v1",
  "seed": 39,
  "actual_seed": 39,
  "text_hash": "02d3b1ac520341bedb475cb3ec0f35dd254c49d66213783a9e7251273cbc5b9c",
  "phi_metrics": {
    "observer_only": true,
    "phi_reference": 1.6180339887,
    "sentence_count": 38,
    "sentence_lengths": [
      27,
      38,
      6,
      27,
      17,
      17,
      9,
      20,
      19,
      22,
      21,
      20,
      28,
      15,
      20,
      16,
      23,
      10,
      16,
      7,
      19,
      20,
      30,
      8,
      16,
      14,
      36,
      8,
      9,
      16,
      18,
      13,
      17,
      23,
      14,
      17,
      11,
      24
    ],
    "ratios": [
      1.4074074074074074,
      0.15789473684210525,
      4.5,
      0.6296296296296297,
      1,
      0.5294117647058824,
      2.2222222222222223,
      0.95,
      1.1578947368421053,
      0.9545454545454546,
      0.9523809523809523,
      1.4,
      0.5357142857142857,
      1.3333333333333333,
      0.8,
      1.4375,
      0.43478260869565216,
      1.6,
      0.4375,
      2.7142857142857144,
      1.0526315789473684,
      1.5,
      0.26666666666666666,
      2,
      0.875,
      2.5714285714285716,
      0.2222222222222222,
      1.125,
      1.7777777777777777,
      1.125,
      0.7222222222222222,
      1.3076923076923077,
      1.3529411764705883,
      0.6086956521739131,
      1.2142857142857142,
      0.6470588235294118,
      2.1818181818181817
    ],
    "ratio_mean": 1.2352687497794512,
    "ratio_std": 0.8244155966580645,
    "distance_to_phi_mean": 0.3827652389205487
  }
}