{
  "schema": "genius.phi.shadow.v1",
  "seed": 21,
  "actual_seed": 21,
  "text_hash": "70069156ae0364d0630c3dfcce952223fe86834a72552a550f558fc341884eda",
  "phi_metrics": {
    "observer_only": true,
    "phi_reference": 1.6180339887,
    "sentence_count": 32,
    "sentence_lengths": [
      18,
      23,
      23,
      18,
      21,
      24,
      12,
      19,
      30,
      7,
      3,
      17,
      19,
      17,
      22,
      21,
      20,
      11,
      22,
      25,
      9,
      16,
      20,
      25,
      33,
      13,
      20,
      19,
      23,
      29,
      23,
      27
    ],
    "ratios": [
      1.2777777777777777,
      1,
      0.782608695652174,
      1.1666666666666667,
      1.1428571428571428,
      0.5,
      1.5833333333333333,
      1.5789473684210527,
      0.23333333333333334,
      0.42857142857142855,
      5.666666666666667,
      1.1176470588235294,
      0.8947368421052632,
      1.2941176470588236,
      0.9545454545454546,
      0.9523809523809523,
      0.55,
      2,
      1.1363636363636365,
      0.36,
      1.7777777777777777,
      1.25,
      1.25,
      1.32,
      0.3939393939393939,
      1.5384615384615385,
      0.95,
      1.2105263157894737,
      1.2608695652173914,
      0.7931034482758621,
      1.173913043478261
    ],
    "ratio_mean": 1.2109401641128044,
    "ratio_std": 0.9128959752200856,
    "distance_to_phi_mean": 0.40709382458719556
  }
}