{
  "schema": "genius.phi.shadow.v1",
  "seed": 38,
  "actual_seed": 38,
  "text_hash": "bbde273f52fb7295392b36f63864598307d49d432c09846277ee839664dfd03e",
  "phi_metrics": {
    "observer_only": true,
    "phi_reference": 1.6180339887,
    "sentence_count": 58,
    "sentence_lengths": [
      18,
      22,
      25,
      10,
      17,
      4,
      8,
      9,
      14,
      10,
      4,
      16,
      13,
      8,
      14,
      9,
      23,
      7,
      3,
      10,
      11,
      13,
      19,
      9,
      4,
      13,
      14,
      9,
      6,
      5,
      4,
      5,
      15,
      13,
      1,
      9,
      3,
      4,
      10,
      11,
      7,
      5,
      3,
      12,
      22,
      20,
      12,
      17,
      7,
      4,
      2,
      8,
      9,
      14,
      14,
      8,
      2,
      20
    ],
    "ratios": [
      1.2222222222222223,
      1.1363636363636365,
      0.4,
      1.7,
      0.23529411764705882,
      2,
      1.125,
      1.5555555555555556,
      0.7142857142857143,
      0.4,
      4,
      0.8125,
      0.6153846153846154,
      1.75,
      0.6428571428571429,
      2.5555555555555554,
      0.30434782608695654,
      0.42857142857142855,
      3.3333333333333335,
      1.1,
      1.1818181818181819,
      1.4615384615384615,
      0.47368421052631576,
      0.4444444444444444,
      3.25,
      1.0769230769230769,
      0.6428571428571429,
      0.6666666666666666,
      0.8333333333333334,
      0.8,
      1.25,
      3,
      0.8666666666666667,
      0.07692307692307693,
      9,
      0.3333333333333333,
      1.3333333333333333,
      2.5,
      1.1,
      0.6363636363636364,
      0.7142857142857143,
      0.6,
      4,
      1.8333333333333333,
      0.9090909090909091,
      0.6,
      1.4166666666666667,
      0.4117647058823529,
      0.5714285714285714,
      0.5,
      4,
      1.125,
      1.5555555555555556,
      1,
      0.5714285714285714,
      0.25,
      10
    ],
    "ratio_mean": 1.5266265042151326,
    "ratio_std": 1.8075530265863995,
    "distance_to_phi_mean": 0.09140748448486735
  }
}