{
  "schema": "genius.phi.shadow.v1",
  "seed": 31,
  "text_hash": "45e0016dd9d521adca3c4c061753e20c756f506434446714bc8729881092385a",
  "phi_metrics": {
    "observer_only": true,
    "phi_reference": 1.6180339887,
    "sentence_count": 67,
    "sentence_lengths": [
      13,
      19,
      18,
      13,
      20,
      20,
      6,
      20,
      8,
      19,
      2,
      18,
      17,
      13,
      7,
      16,
      9,
      10,
      9,
      12,
      17,
      22,
      6,
      33,
      11,
      15,
      11,
      17,
      4,
      25,
      16,
      6,
      21,
      16,
      12,
      6,
      11,
      13,
      16,
      13,
      9,
      13,
      19,
      16,
      7,
      25,
      20,
      9,
      21,
      14,
      7,
      13,
      16,
      20,
      16,
      19,
      22,
      14,
      12,
      17,
      8,
      14,
      17,
      21,
      10,
      22,
      18
    ],
    "ratios": [
      1.4615384615384615,
      0.9473684210526315,
      0.7222222222222222,
      1.5384615384615385,
      1,
      0.3,
      3.3333333333333335,
      0.4,
      2.375,
      0.10526315789473684,
      9,
      0.9444444444444444,
      0.7647058823529411,
      0.5384615384615384,
      2.2857142857142856,
      0.5625,
      1.1111111111111112,
      0.9,
      1.3333333333333333,
      1.4166666666666667,
      1.2941176470588236,
      0.2727272727272727,
      5.5,
      0.3333333333333333,
      1.3636363636363635,
      0.7333333333333333,
      1.5454545454545454,
      0.23529411764705882,
      6.25,
      0.64,
      0.375,
      3.5,
      0.7619047619047619,
      0.75,
      0.5,
      1.8333333333333333,
      1.1818181818181819,
      1.2307692307692308,
      0.8125,
      0.6923076923076923,
      1.4444444444444444,
      1.4615384615384615,
      0.8421052631578947,
      0.4375,
      3.5714285714285716,
      0.8,
      0.45,
      2.3333333333333335,
      0.6666666666666666,
      0.5,
      1.8571428571428572,
      1.2307692307692308,
      1.25,
      0.8,
      1.1875,
      1.1578947368421053,
      0.6363636363636364,
      0.8571428571428571,
      1.4166666666666667,
      0.47058823529411764,
      1.75,
      1.2142857142857142,
      1.2352941176470589,
      0.47619047619047616,
      2.2,
      0.8181818181818182
    ],
    "ratio_mean": 1.3925862317728348,
    "ratio_std": 1.4441163198950593,
    "distance_to_phi_mean": 0.22544775692716512
  }
}