{
  "schema": "genius.phi.shadow.v1",
  "seed": 40,
  "actual_seed": 40,
  "text_hash": "14b54bea1e5021abfc33e513edbd66c053f2890d099f8e35b975d33148d86471",
  "phi_metrics": {
    "observer_only": true,
    "phi_reference": 1.6180339887,
    "sentence_count": 62,
    "sentence_lengths": [
      9,
      18,
      17,
      12,
      6,
      11,
      25,
      14,
      8,
      7,
      6,
      9,
      14,
      13,
      7,
      4,
      13,
      2,
      8,
      20,
      4,
      8,
      4,
      5,
      1,
      11,
      13,
      16,
      5,
      14,
      15,
      14,
      4,
      2,
      10,
      12,
      12,
      13,
      2,
      5,
      14,
      19,
      16,
      7,
      5,
      14,
      13,
      12,
      16,
      5,
      7,
      15,
      2,
      2,
      11,
      13,
      7,
      10,
      23,
      4,
      5,
      19
    ],
    "ratios": [
      2,
      0.9444444444444444,
      0.7058823529411765,
      0.5,
      1.8333333333333333,
      2.272727272727273,
      0.56,
      0.5714285714285714,
      0.875,
      0.8571428571428571,
      1.5,
      1.5555555555555556,
      0.9285714285714286,
      0.5384615384615384,
      0.5714285714285714,
      3.25,
      0.15384615384615385,
      4,
      2.5,
      0.2,
      2,
      0.5,
      1.25,
      0.2,
      11,
      1.1818181818181819,
      1.2307692307692308,
      0.3125,
      2.8,
      1.0714285714285714,
      0.9333333333333333,
      0.2857142857142857,
      0.5,
      5,
      1.2,
      1,
      1.0833333333333333,
      0.15384615384615385,
      2.5,
      2.8,
      1.3571428571428572,
      0.8421052631578947,
      0.4375,
      0.7142857142857143,
      2.8,
      0.9285714285714286,
      0.9230769230769231,
      1.3333333333333333,
      0.3125,
      1.4,
      2.142857142857143,
      0.13333333333333333,
      1,
      5.5,
      1.1818181818181819,
      0.5384615384615384,
      1.4285714285714286,
      2.3,
      0.17391304347826086,
      1.25,
      3.8
    ],
    "ratio_mean": 1.53800057964282,
    "ratio_std": 1.6761162971096273,
    "distance_to_phi_mean": 0.08003340905717993
  }
}