{
  "schema": "genius.phi.shadow.v1",
  "seed": 5,
  "text_hash": "b23f8579083a8206622f8841e458750d5a90b0b1a51122578dbc51251cc1e31a",
  "phi_metrics": {
    "observer_only": true,
    "phi_reference": 1.6180339887,
    "sentence_count": 39,
    "sentence_lengths": [
      21,
      20,
      18,
      17,
      15,
      23,
      5,
      10,
      15,
      16,
      14,
      16,
      9,
      13,
      6,
      21,
      13,
      11,
      11,
      29,
      23,
      6,
      14,
      16,
      5,
      21,
      15,
      20,
      12,
      26,
      7,
      16,
      16,
      20,
      17,
      10,
      18,
      21,
      17
    ],
    "ratios": [
      0.9523809523809523,
      0.9,
      0.9444444444444444,
      0.8823529411764706,
      1.5333333333333334,
      0.21739130434782608,
      2,
      1.5,
      1.0666666666666667,
      0.875,
      1.1428571428571428,
      0.5625,
      1.4444444444444444,
      0.46153846153846156,
      3.5,
      0.6190476190476191,
      0.8461538461538461,
      1,
      2.6363636363636362,
      0.7931034482758621,
      0.2608695652173913,
      2.3333333333333335,
      1.1428571428571428,
      0.3125,
      4.2,
      0.7142857142857143,
      1.3333333333333333,
      0.6,
      2.1666666666666665,
      0.2692307692307692,
      2.2857142857142856,
      1,
      1.25,
      0.85,
      0.5882352941176471,
      1.8,
      1.1666666666666667,
      0.8095238095238095
    ],
    "ratio_mean": 1.2358103900520383,
    "ratio_std": 0.8559146084614867,
    "distance_to_phi_mean": 0.3822235986479616
  }
}