{
  "schema": "genius.phi.shadow.v1",
  "seed": 29,
  "text_hash": "299d30766a74b4f269d7b4fc85bb4636756c0e53c882a87a0e275472a2b0af68",
  "phi_metrics": {
    "observer_only": true,
    "phi_reference": 1.6180339887,
    "sentence_count": 46,
    "sentence_lengths": [
      10,
      35,
      8,
      3,
      45,
      8,
      15,
      23,
      23,
      5,
      14,
      10,
      3,
      22,
      17,
      13,
      5,
      14,
      16,
      23,
      14,
      6,
      13,
      24,
      8,
      6,
      10,
      18,
      26,
      6,
      10,
      11,
      9,
      23,
      8,
      14,
      5,
      10,
      21,
      16,
      8,
      4,
      16,
      14,
      10,
      5
    ],
    "ratios": [
      3.5,
      0.22857142857142856,
      0.375,
      15,
      0.17777777777777778,
      1.875,
      1.5333333333333334,
      1,
      0.21739130434782608,
      2.8,
      0.7142857142857143,
      0.3,
      7.333333333333333,
      0.7727272727272727,
      0.7647058823529411,
      0.38461538461538464,
      2.8,
      1.1428571428571428,
      1.4375,
      0.6086956521739131,
      0.42857142857142855,
      2.1666666666666665,
      1.8461538461538463,
      0.3333333333333333,
      0.75,
      1.6666666666666667,
      1.8,
      1.4444444444444444,
      0.23076923076923078,
      1.6666666666666667,
      1.1,
      0.8181818181818182,
      2.5555555555555554,
      0.34782608695652173,
      1.75,
      0.35714285714285715,
      2,
      2.1,
      0.7619047619047619,
      0.5,
      0.5,
      4,
      0.875,
      0.7142857142857143,
      0.5
    ],
    "ratio_mean": 1.648421406748346,
    "ratio_std": 2.384552144280246,
    "distance_to_phi_mean": 0.030387418048346104
  }
}