{
  "schema": "genius.phi.shadow.v1",
  "seed": 12,
  "text_hash": "decccb5cc9962f849fd1f59e87cdfef5d8f1412c4c62a4fce2a1983a9c551a23",
  "phi_metrics": {
    "observer_only": true,
    "phi_reference": 1.6180339887,
    "sentence_count": 46,
    "sentence_lengths": [
      20,
      31,
      26,
      16,
      17,
      21,
      15,
      15,
      15,
      8,
      13,
      14,
      14,
      24,
      9,
      19,
      18,
      2,
      33,
      4,
      13,
      4,
      15,
      3,
      23,
      17,
      11,
      25,
      19,
      32,
      8,
      2,
      17,
      31,
      23,
      28,
      13,
      17,
      11,
      28,
      23,
      18,
      10,
      5,
      2,
      5
    ],
    "ratios": [
      1.55,
      0.8387096774193549,
      0.6153846153846154,
      1.0625,
      1.2352941176470589,
      0.7142857142857143,
      1,
      1,
      0.5333333333333333,
      1.625,
      1.0769230769230769,
      1,
      1.7142857142857142,
      0.375,
      2.111111111111111,
      0.9473684210526315,
      0.1111111111111111,
      16.5,
      0.12121212121212122,
      3.25,
      0.3076923076923077,
      3.75,
      0.2,
      7.666666666666667,
      0.7391304347826086,
      0.6470588235294118,
      2.272727272727273,
      0.76,
      1.6842105263157894,
      0.25,
      0.25,
      8.5,
      1.8235294117647058,
      0.7419354838709677,
      1.2173913043478262,
      0.4642857142857143,
      1.3076923076923077,
      0.6470588235294118,
      2.5454545454545454,
      0.8214285714285714,
      0.782608695652174,
      0.5555555555555556,
      0.5,
      0.4,
      2.5
    ],
    "ratio_mean": 1.7492432324235925,
    "ratio_std": 2.767454145400583,
    "distance_to_phi_mean": 0.13120924372359255
  }
}