{
  "schema": "genius.phi.shadow.v1",
  "seed": 47,
  "actual_seed": 47,
  "text_hash": "e6b5102490c46187038bd3d6e89d94062abaf4ba90e121c672a14259dc5c6a09",
  "phi_metrics": {
    "observer_only": true,
    "phi_reference": 1.6180339887,
    "sentence_count": 39,
    "sentence_lengths": [
      14,
      25,
      14,
      15,
      25,
      17,
      15,
      2,
      3,
      3,
      14,
      16,
      7,
      15,
      10,
      13,
      3,
      15,
      10,
      20,
      17,
      12,
      20,
      14,
      7,
      24,
      16,
      5,
      23,
      20,
      21,
      18,
      14,
      7,
      5,
      11,
      6,
      15,
      22
    ],
    "ratios": [
      1.7857142857142858,
      0.56,
      1.0714285714285714,
      1.6666666666666667,
      0.68,
      0.8823529411764706,
      0.13333333333333333,
      1.5,
      1,
      4.666666666666667,
      1.1428571428571428,
      0.4375,
      2.142857142857143,
      0.6666666666666666,
      1.3,
      0.23076923076923078,
      5,
      0.6666666666666666,
      2,
      0.85,
      0.7058823529411765,
      1.6666666666666667,
      0.7,
      0.5,
      3.4285714285714284,
      0.6666666666666666,
      0.3125,
      4.6,
      0.8695652173913043,
      1.05,
      0.8571428571428571,
      0.7777777777777778,
      0.5,
      0.7142857142857143,
      2.2,
      0.5454545454545454,
      2.5,
      1.4666666666666666
    ],
    "ratio_mean": 1.3801226107465172,
    "ratio_std": 1.2003171246938733,
    "distance_to_phi_mean": 0.23791137795348272
  }
}