{
  "schema": "genius.phi.shadow.v1",
  "seed": 45,
  "actual_seed": 45,
  "text_hash": "2149ac25220f9ca7f21e8ca44d6c7c624938c29cc2b846767c074bd481c6a68f",
  "phi_metrics": {
    "observer_only": true,
    "phi_reference": 1.6180339887,
    "sentence_count": 40,
    "sentence_lengths": [
      12,
      28,
      19,
      15,
      21,
      18,
      15,
      22,
      17,
      11,
      14,
      2,
      3,
      17,
      12,
      4,
      5,
      7,
      12,
      13,
      19,
      16,
      6,
      17,
      17,
      8,
      22,
      13,
      12,
      1,
      2,
      11,
      14,
      18,
      6,
      7,
      11,
      9,
      20,
      11
    ],
    "ratios": [
      2.3333333333333335,
      0.6785714285714286,
      0.7894736842105263,
      1.4,
      0.8571428571428571,
      0.8333333333333334,
      1.4666666666666666,
      0.7727272727272727,
      0.6470588235294118,
      1.2727272727272727,
      0.14285714285714285,
      1.5,
      5.666666666666667,
      0.7058823529411765,
      0.3333333333333333,
      1.25,
      1.4,
      1.7142857142857142,
      1.0833333333333333,
      1.4615384615384615,
      0.8421052631578947,
      0.375,
      2.8333333333333335,
      1,
      0.47058823529411764,
      2.75,
      0.5909090909090909,
      0.9230769230769231,
      0.08333333333333333,
      2,
      5.5,
      1.2727272727272727,
      1.2857142857142858,
      0.3333333333333333,
      1.1666666666666667,
      1.5714285714285714,
      0.8181818181818182,
      2.2222222222222223,
      0.55
    ],
    "ratio_mean": 1.3563474878609432,
    "ratio_std": 1.1762920245072805,
    "distance_to_phi_mean": 0.26168650083905676
  }
}