{
  "schema": "genius.phi.shadow.v1",
  "seed": 17,
  "text_hash": "760d5ae8a6bb1ab402bad5dcbfa2e1c6c9647db9c56c6e287db39521c7af395a",
  "phi_metrics": {
    "observer_only": true,
    "phi_reference": 1.6180339887,
    "sentence_count": 40,
    "sentence_lengths": [
      5,
      29,
      18,
      21,
      9,
      19,
      20,
      16,
      11,
      12,
      21,
      9,
      8,
      5,
      17,
      7,
      13,
      16,
      5,
      10,
      10,
      16,
      26,
      11,
      5,
      14,
      18,
      13,
      8,
      16,
      20,
      13,
      16,
      10,
      31,
      9,
      19,
      17,
      8,
      3
    ],
    "ratios": [
      5.8,
      0.6206896551724138,
      1.1666666666666667,
      0.42857142857142855,
      2.111111111111111,
      1.0526315789473684,
      0.8,
      0.6875,
      1.0909090909090908,
      1.75,
      0.42857142857142855,
      0.8888888888888888,
      0.625,
      3.4,
      0.4117647058823529,
      1.8571428571428572,
      1.2307692307692308,
      0.3125,
      2,
      1,
      1.6,
      1.625,
      0.4230769230769231,
      0.45454545454545453,
      2.8,
      1.2857142857142858,
      0.7222222222222222,
      0.6153846153846154,
      2,
      1.25,
      0.65,
      1.2307692307692308,
      0.625,
      3.1,
      0.2903225806451613,
      2.111111111111111,
      0.8947368421052632,
      0.47058823529411764,
      0.375
    ],
    "ratio_mean": 1.2868253370128515,
    "ratio_std": 1.0652839687038294,
    "distance_to_phi_mean": 0.3312086516871484
  }
}