{
  "schema": "genius.phi.shadow.v1",
  "seed": 11,
  "text_hash": "f531482a92160aabda99fac6975fead7ba6b193ede6ea8ccd663cdbd6c1ab3a6",
  "phi_metrics": {
    "observer_only": true,
    "phi_reference": 1.6180339887,
    "sentence_count": 50,
    "sentence_lengths": [
      20,
      28,
      23,
      7,
      2,
      19,
      22,
      24,
      11,
      2,
      17,
      12,
      10,
      19,
      8,
      15,
      22,
      11,
      10,
      14,
      6,
      12,
      19,
      3,
      12,
      14,
      9,
      8,
      5,
      19,
      16,
      6,
      11,
      14,
      2,
      2,
      14,
      10,
      17,
      33,
      7,
      2,
      16,
      4,
      4,
      15,
      22,
      11,
      8,
      13
    ],
    "ratios": [
      1.4,
      0.8214285714285714,
      0.30434782608695654,
      0.2857142857142857,
      9.5,
      1.1578947368421053,
      1.0909090909090908,
      0.4583333333333333,
      0.18181818181818182,
      8.5,
      0.7058823529411765,
      0.8333333333333334,
      1.9,
      0.42105263157894735,
      1.875,
      1.4666666666666666,
      0.5,
      0.9090909090909091,
      1.4,
      0.42857142857142855,
      2,
      1.5833333333333333,
      0.15789473684210525,
      4,
      1.1666666666666667,
      0.6428571428571429,
      0.8888888888888888,
      0.625,
      3.8,
      0.8421052631578947,
      0.375,
      1.8333333333333333,
      1.2727272727272727,
      0.14285714285714285,
      1,
      7,
      0.7142857142857143,
      1.7,
      1.9411764705882353,
      0.21212121212121213,
      0.2857142857142857,
      8,
      0.25,
      1,
      3.75,
      1.4666666666666666,
      0.5,
      0.7272727272727273,
      1.625
    ],
    "ratio_mean": 1.7069988613393394,
    "ratio_std": 2.1520761717646444,
    "distance_to_phi_mean": 0.0889648726393395
  }
}