{
  "schema": "genius.phi.shadow.v1",
  "seed": 33,
  "actual_seed": 33,
  "text_hash": "4806bfb12e5152ba7c6b555facffa4b14ca433229ccadcee6ff0ee642237c786",
  "phi_metrics": {
    "observer_only": true,
    "phi_reference": 1.6180339887,
    "sentence_count": 54,
    "sentence_lengths": [
      24,
      22,
      19,
      18,
      8,
      30,
      13,
      2,
      16,
      21,
      15,
      42,
      16,
      25,
      7,
      15,
      37,
      15,
      1,
      8,
      13,
      29,
      9,
      21,
      21,
      18,
      15,
      24,
      5,
      4,
      8,
      13,
      25,
      26,
      10,
      11,
      13,
      30,
      24,
      9,
      8,
      16,
      18,
      26,
      6,
      20,
      16,
      14,
      30,
      3,
      22,
      20,
      33,
      11
    ],
    "ratios": [
      0.9166666666666666,
      0.8636363636363636,
      0.9473684210526315,
      0.4444444444444444,
      3.75,
      0.43333333333333335,
      0.15384615384615385,
      8,
      1.3125,
      0.7142857142857143,
      2.8,
      0.38095238095238093,
      1.5625,
      0.28,
      2.142857142857143,
      2.466666666666667,
      0.40540540540540543,
      0.06666666666666667,
      8,
      1.625,
      2.230769230769231,
      0.3103448275862069,
      2.3333333333333335,
      1,
      0.8571428571428571,
      0.8333333333333334,
      1.6,
      0.20833333333333334,
      0.8,
      2,
      1.625,
      1.9230769230769231,
      1.04,
      0.38461538461538464,
      1.1,
      1.1818181818181819,
      2.3076923076923075,
      0.8,
      0.375,
      0.8888888888888888,
      2,
      1.125,
      1.4444444444444444,
      0.23076923076923078,
      3.3333333333333335,
      0.8,
      0.875,
      2.142857142857143,
      0.1,
      7.333333333333333,
      0.9090909090909091,
      1.65,
      0.3333333333333333
    ],
    "ratio_mean": 1.5725026356333067,
    "ratio_std": 1.7339273122173378,
    "distance_to_phi_mean": 0.0455313530666932
  }
}