{
  "schema": "genius.phi.shadow.v1",
  "seed": 41,
  "actual_seed": 41,
  "text_hash": "d35d02a236fe8d7ce1be023021bd7699a7333f0e6ee1b4d46afa6d9935dc07c0",
  "phi_metrics": {
    "observer_only": true,
    "phi_reference": 1.6180339887,
    "sentence_count": 37,
    "sentence_lengths": [
      21,
      40,
      22,
      20,
      20,
      23,
      10,
      13,
      15,
      9,
      14,
      13,
      8,
      20,
      20,
      15,
      5,
      19,
      15,
      8,
      6,
      12,
      35,
      5,
      23,
      4,
      7,
      12,
      21,
      10,
      11,
      19,
      21,
      17,
      9,
      7,
      24
    ],
    "ratios": [
      1.9047619047619047,
      0.55,
      0.9090909090909091,
      1,
      1.15,
      0.43478260869565216,
      1.3,
      1.1538461538461537,
      0.6,
      1.5555555555555556,
      0.9285714285714286,
      0.6153846153846154,
      2.5,
      1,
      0.75,
      0.3333333333333333,
      3.8,
      0.7894736842105263,
      0.5333333333333333,
      0.75,
      2,
      2.9166666666666665,
      0.14285714285714285,
      4.6,
      0.17391304347826086,
      1.75,
      1.7142857142857142,
      1.75,
      0.47619047619047616,
      1.1,
      1.7272727272727273,
      1.105263157894737,
      0.8095238095238095,
      0.5294117647058824,
      0.7777777777777778,
      3.4285714285714284
    ],
    "ratio_mean": 1.3211074232224458,
    "ratio_std": 1.0142271654413773,
    "distance_to_phi_mean": 0.29692656547755414
  }
}