{
  "schema": "genius.phi.shadow.v1",
  "seed": 20,
  "text_hash": "d4911f31421a224fef4f720c2f4e1001df49d2b599c80e605cdcb06bd9c2c31a",
  "phi_metrics": {
    "observer_only": true,
    "phi_reference": 1.6180339887,
    "sentence_count": 38,
    "sentence_lengths": [
      12,
      20,
      3,
      30,
      7,
      16,
      2,
      18,
      5,
      5,
      15,
      17,
      9,
      9,
      17,
      4,
      13,
      5,
      4,
      9,
      13,
      5,
      4,
      18,
      23,
      5,
      4,
      15,
      7,
      26,
      5,
      3,
      1,
      8,
      20,
      9,
      9,
      8
    ],
    "ratios": [
      1.6666666666666667,
      0.15,
      10,
      0.23333333333333334,
      2.2857142857142856,
      0.125,
      9,
      0.2777777777777778,
      1,
      3,
      1.1333333333333333,
      0.5294117647058824,
      1,
      1.8888888888888888,
      0.23529411764705882,
      3.25,
      0.38461538461538464,
      0.8,
      2.25,
      1.4444444444444444,
      0.38461538461538464,
      0.8,
      4.5,
      1.2777777777777777,
      0.21739130434782608,
      0.8,
      3.75,
      0.4666666666666667,
      3.7142857142857144,
      0.19230769230769232,
      0.6,
      0.3333333333333333,
      8,
      2.5,
      0.45,
      1,
      0.8888888888888888
    ],
    "ratio_mean": 1.9062093718743336,
    "ratio_std": 2.402699409797796,
    "distance_to_phi_mean": 0.28817538317433367
  }
}