{
  "schema": "genius.phi.shadow.v1",
  "seed": 27,
  "text_hash": "445ad27684464c662c963473f2172175a77b2ab63888b83722e3bd574ca38bc8",
  "phi_metrics": {
    "observer_only": true,
    "phi_reference": 1.6180339887,
    "sentence_count": 40,
    "sentence_lengths": [
      25,
      22,
      31,
      20,
      21,
      14,
      17,
      4,
      24,
      22,
      16,
      2,
      9,
      8,
      13,
      21,
      12,
      14,
      10,
      12,
      20,
      17,
      17,
      16,
      32,
      3,
      7,
      7,
      28,
      9,
      17,
      7,
      6,
      12,
      12,
      17,
      5,
      18,
      18,
      17
    ],
    "ratios": [
      0.88,
      1.4090909090909092,
      0.6451612903225806,
      1.05,
      0.6666666666666666,
      1.2142857142857142,
      0.23529411764705882,
      6,
      0.9166666666666666,
      0.7272727272727273,
      0.125,
      4.5,
      0.8888888888888888,
      1.625,
      1.6153846153846154,
      0.5714285714285714,
      1.1666666666666667,
      0.7142857142857143,
      1.2,
      1.6666666666666667,
      0.85,
      1,
      0.9411764705882353,
      2,
      0.09375,
      2.3333333333333335,
      1,
      4,
      0.32142857142857145,
      1.8888888888888888,
      0.4117647058823529,
      0.8571428571428571,
      2,
      1,
      1.4166666666666667,
      0.29411764705882354,
      3.6,
      1,
      0.9444444444444444
    ],
    "ratio_mean": 1.3787300718130162,
    "ratio_std": 1.2173015672592111,
    "distance_to_phi_mean": 0.23930391688698371
  }
}