{
  "schema": "genius.phi.shadow.v1",
  "seed": 46,
  "actual_seed": 46,
  "text_hash": "0a6fac2f0352ee66fdc189ea2fefc8c4eeddf50cd589d12831326a4e218c9011",
  "phi_metrics": {
    "observer_only": true,
    "phi_reference": 1.6180339887,
    "sentence_count": 48,
    "sentence_lengths": [
      13,
      21,
      19,
      12,
      8,
      20,
      20,
      5,
      11,
      25,
      16,
      8,
      3,
      3,
      9,
      22,
      12,
      16,
      6,
      19,
      23,
      15,
      7,
      12,
      18,
      10,
      11,
      14,
      17,
      17,
      10,
      14,
      12,
      8,
      17,
      13,
      14,
      10,
      8,
      14,
      14,
      15,
      18,
      5,
      15,
      12,
      6,
      19
    ],
    "ratios": [
      1.6153846153846154,
      0.9047619047619048,
      0.631578947368421,
      0.6666666666666666,
      2.5,
      1,
      0.25,
      2.2,
      2.272727272727273,
      0.64,
      0.5,
      0.375,
      1,
      3,
      2.4444444444444446,
      0.5454545454545454,
      1.3333333333333333,
      0.375,
      3.1666666666666665,
      1.2105263157894737,
      0.6521739130434783,
      0.4666666666666667,
      1.7142857142857142,
      1.5,
      0.5555555555555556,
      1.1,
      1.2727272727272727,
      1.2142857142857142,
      1,
      0.5882352941176471,
      1.4,
      0.8571428571428571,
      0.6666666666666666,
      2.125,
      0.7647058823529411,
      1.0769230769230769,
      0.7142857142857143,
      0.8,
      1.75,
      1,
      1.0714285714285714,
      1.2,
      0.2777777777777778,
      3,
      0.8,
      0.5,
      3.1666666666666665
    ],
    "ratio_mean": 1.2311930224792267,
    "ratio_std": 0.7964718276600697,
    "distance_to_phi_mean": 0.38684096622077324
  }
}