{
  "schema": "genius.phi.shadow.v1",
  "seed": 9,
  "text_hash": "1c8404c4cda8c120f8b1a59c6470343ce9b36fad219b3948588a65044709b09a",
  "phi_metrics": {
    "observer_only": true,
    "phi_reference": 1.6180339887,
    "sentence_count": 49,
    "sentence_lengths": [
      16,
      31,
      17,
      21,
      13,
      22,
      13,
      6,
      4,
      20,
      6,
      25,
      2,
      12,
      15,
      20,
      16,
      6,
      34,
      5,
      19,
      4,
      28,
      18,
      24,
      8,
      23,
      27,
      1,
      11,
      7,
      15,
      16,
      14,
      30,
      3,
      9,
      27,
      14,
      30,
      9,
      4,
      10,
      13,
      31,
      5,
      16,
      11,
      39
    ],
    "ratios": [
      1.9375,
      0.5483870967741935,
      1.2352941176470589,
      0.6190476190476191,
      1.6923076923076923,
      0.5909090909090909,
      0.46153846153846156,
      0.6666666666666666,
      5,
      0.3,
      4.166666666666667,
      0.08,
      6,
      1.25,
      1.3333333333333333,
      0.8,
      0.375,
      5.666666666666667,
      0.14705882352941177,
      3.8,
      0.21052631578947367,
      7,
      0.6428571428571429,
      1.3333333333333333,
      0.3333333333333333,
      2.875,
      1.173913043478261,
      0.037037037037037035,
      11,
      0.6363636363636364,
      2.142857142857143,
      1.0666666666666667,
      0.875,
      2.142857142857143,
      0.1,
      3,
      3,
      0.5185185185185185,
      2.142857142857143,
      0.3,
      0.4444444444444444,
      2.5,
      1.3,
      2.3846153846153846,
      0.16129032258064516,
      3.2,
      0.6875,
      3.5454545454545454
    ],
    "ratio_mean": 1.9046833622527226,
    "ratio_std": 2.1332063005986974,
    "distance_to_phi_mean": 0.2866493735527227
  }
}