{
  "schema": "genius.phi.shadow.v1",
  "seed": 14,
  "text_hash": "b3735569092413ccd8674694ba8682209c3392e94a1d1777946d3852321e57c9",
  "phi_metrics": {
    "observer_only": true,
    "phi_reference": 1.6180339887,
    "sentence_count": 30,
    "sentence_lengths": [
      21,
      25,
      27,
      5,
      26,
      20,
      12,
      27,
      14,
      19,
      2,
      28,
      22,
      9,
      22,
      5,
      22,
      3,
      19,
      13,
      22,
      26,
      9,
      7,
      14,
      5,
      27,
      10,
      19,
      3
    ],
    "ratios": [
      1.1904761904761905,
      1.08,
      0.18518518518518517,
      5.2,
      0.7692307692307693,
      0.6,
      2.25,
      0.5185185185185185,
      1.3571428571428572,
      0.10526315789473684,
      14,
      0.7857142857142857,
      0.4090909090909091,
      2.4444444444444446,
      0.22727272727272727,
      4.4,
      0.13636363636363635,
      6.333333333333333,
      0.6842105263157895,
      1.6923076923076923,
      1.1818181818181819,
      0.34615384615384615,
      0.7777777777777778,
      2,
      0.35714285714285715,
      5.4,
      0.37037037037037035,
      1.9,
      0.15789473684210525
    ],
    "ratio_mean": 1.9606797242550416,
    "ratio_std": 2.8230868864016982,
    "distance_to_phi_mean": 0.34264573555504163
  }
}