{
  "schema": "genius.phi.shadow.v1",
  "seed": 25,
  "text_hash": "0b938f806e57ef94110c5c0e22ba56dfc6c958773ff151521ec52b27dbbbbf21",
  "phi_metrics": {
    "observer_only": true,
    "phi_reference": 1.6180339887,
    "sentence_count": 46,
    "sentence_lengths": [
      18,
      18,
      16,
      6,
      11,
      28,
      4,
      12,
      6,
      11,
      19,
      15,
      5,
      14,
      16,
      17,
      7,
      13,
      3,
      13,
      7,
      15,
      3,
      19,
      16,
      12,
      11,
      11,
      13,
      12,
      4,
      11,
      10,
      19,
      14,
      12,
      7,
      19,
      13,
      5,
      16,
      12,
      10,
      7,
      16,
      28
    ],
    "ratios": [
      1,
      0.8888888888888888,
      0.375,
      1.8333333333333333,
      2.5454545454545454,
      0.14285714285714285,
      3,
      0.5,
      1.8333333333333333,
      1.7272727272727273,
      0.7894736842105263,
      0.3333333333333333,
      2.8,
      1.1428571428571428,
      1.0625,
      0.4117647058823529,
      1.8571428571428572,
      0.23076923076923078,
      4.333333333333333,
      0.5384615384615384,
      2.142857142857143,
      0.2,
      6.333333333333333,
      0.8421052631578947,
      0.75,
      0.9166666666666666,
      1,
      1.1818181818181819,
      0.9230769230769231,
      0.3333333333333333,
      2.75,
      0.9090909090909091,
      1.9,
      0.7368421052631579,
      0.8571428571428571,
      0.5833333333333334,
      2.7142857142857144,
      0.6842105263157895,
      0.38461538461538464,
      3.2,
      0.75,
      0.8333333333333334,
      0.7,
      2.2857142857142856,
      1.75
    ],
    "ratio_mean": 1.4001674464548561,
    "ratio_std": 1.2018777182514833,
    "distance_to_phi_mean": 0.2178665422451438
  }
}