{
  "schema": "genius.phi.shadow.v1",
  "seed": 7,
  "text_hash": "dbb5d7b51fbb3513f0c1cd3e9ee0b95e1da064428e56ab14e4a0edc0c5b5b89d",
  "phi_metrics": {
    "observer_only": true,
    "phi_reference": 1.6180339887,
    "sentence_count": 61,
    "sentence_lengths": [
      19,
      15,
      3,
      24,
      10,
      4,
      18,
      13,
      7,
      6,
      12,
      4,
      11,
      5,
      3,
      7,
      7,
      16,
      13,
      6,
      4,
      4,
      10,
      19,
      15,
      3,
      5,
      14,
      5,
      18,
      1,
      2,
      7,
      7,
      10,
      9,
      15,
      14,
      15,
      5,
      7,
      4,
      7,
      7,
      5,
      10,
      13,
      8,
      1,
      1,
      8,
      10,
      5,
      5,
      12,
      2,
      4,
      5,
      15,
      2,
      5
    ],
    "ratios": [
      0.7894736842105263,
      0.2,
      8,
      0.4166666666666667,
      0.4,
      4.5,
      0.7222222222222222,
      0.5384615384615384,
      0.8571428571428571,
      2,
      0.3333333333333333,
      2.75,
      0.45454545454545453,
      0.6,
      2.3333333333333335,
      1,
      2.2857142857142856,
      0.8125,
      0.46153846153846156,
      0.6666666666666666,
      1,
      2.5,
      1.9,
      0.7894736842105263,
      0.2,
      1.6666666666666667,
      2.8,
      0.35714285714285715,
      3.6,
      0.05555555555555555,
      2,
      3.5,
      1,
      1.4285714285714286,
      0.9,
      1.6666666666666667,
      0.9333333333333333,
      1.0714285714285714,
      0.3333333333333333,
      1.4,
      0.5714285714285714,
      1.75,
      1,
      0.7142857142857143,
      2,
      1.3,
      0.6153846153846154,
      0.125,
      1,
      8,
      1.25,
      0.5,
      1,
      2.4,
      0.16666666666666666,
      2,
      1.25,
      3,
      0.13333333333333333,
      2.5
    ],
    "ratio_mean": 1.508331158364053,
    "ratio_std": 1.5445101419976772,
    "distance_to_phi_mean": 0.10970283033594685
  }
}