{
  "schema": "genius.phi.shadow.v1",
  "seed": 42,
  "actual_seed": 42,
  "text_hash": "d71f2a70b53e39aefde08b77edd3087b32ec16f58bf27604fcb2eca7ea1e64bc",
  "phi_metrics": {
    "observer_only": true,
    "phi_reference": 1.6180339887,
    "sentence_count": 31,
    "sentence_lengths": [
      19,
      16,
      15,
      6,
      22,
      25,
      15,
      18,
      22,
      5,
      13,
      10,
      22,
      3,
      21,
      16,
      23,
      7,
      20,
      8,
      13,
      5,
      21,
      13,
      18,
      4,
      12,
      8,
      24,
      5,
      21
    ],
    "ratios": [
      0.8421052631578947,
      0.9375,
      0.4,
      3.6666666666666665,
      1.1363636363636365,
      0.6,
      1.2,
      1.2222222222222223,
      0.22727272727272727,
      2.6,
      0.7692307692307693,
      2.2,
      0.13636363636363635,
      7,
      0.7619047619047619,
      1.4375,
      0.30434782608695654,
      2.857142857142857,
      0.4,
      1.625,
      0.38461538461538464,
      4.2,
      0.6190476190476191,
      1.3846153846153846,
      0.2222222222222222,
      3,
      0.6666666666666666,
      3,
      0.20833333333333334,
      4.2
    ],
    "ratio_mean": 1.6069706992304247,
    "ratio_std": 1.565651325378506,
    "distance_to_phi_mean": 0.011063289469575244
  }
}