{
  "schema": "genius.phi.shadow.v1",
  "seed": 35,
  "actual_seed": 35,
  "text_hash": "bf7209915e4dcb71c2b694c98e04ecc6c20b1003b360fb8d6b867df9ecb0b017",
  "phi_metrics": {
    "observer_only": true,
    "phi_reference": 1.6180339887,
    "sentence_count": 40,
    "sentence_lengths": [
      19,
      19,
      20,
      22,
      13,
      30,
      10,
      20,
      15,
      15,
      16,
      10,
      31,
      15,
      15,
      17,
      12,
      12,
      14,
      13,
      14,
      23,
      8,
      20,
      20,
      5,
      1,
      5,
      19,
      17,
      5,
      10,
      9,
      6,
      15,
      19,
      8,
      13,
      9,
      21
    ],
    "ratios": [
      1,
      1.0526315789473684,
      1.1,
      0.5909090909090909,
      2.3076923076923075,
      0.3333333333333333,
      2,
      0.75,
      1,
      1.0666666666666667,
      0.625,
      3.1,
      0.4838709677419355,
      1,
      1.1333333333333333,
      0.7058823529411765,
      1,
      1.1666666666666667,
      0.9285714285714286,
      1.0769230769230769,
      1.6428571428571428,
      0.34782608695652173,
      2.5,
      1,
      0.25,
      0.2,
      5,
      3.8,
      0.8947368421052632,
      0.29411764705882354,
      2,
      0.9,
      0.6666666666666666,
      2.5,
      1.2666666666666666,
      0.42105263157894735,
      1.625,
      0.6923076923076923,
      2.3333333333333335
    ],
    "ratio_mean": 1.3014370644424982,
    "ratio_std": 1.0063756467196157,
    "distance_to_phi_mean": 0.31659692425750174
  }
}