{
  "schema": "genius.phi.shadow.v1",
  "seed": 16,
  "text_hash": "46e55a164194ae799da05fc410931fccca35f6fc4307cd5f565f5f539dadf3c6",
  "phi_metrics": {
    "observer_only": true,
    "phi_reference": 1.6180339887,
    "sentence_count": 45,
    "sentence_lengths": [
      13,
      20,
      18,
      8,
      27,
      18,
      5,
      5,
      14,
      15,
      11,
      20,
      10,
      18,
      15,
      15,
      9,
      15,
      4,
      19,
      17,
      19,
      10,
      11,
      8,
      13,
      15,
      18,
      8,
      18,
      26,
      9,
      10,
      14,
      19,
      16,
      8,
      16,
      18,
      11,
      17,
      31,
      12,
      14,
      25
    ],
    "ratios": [
      1.5384615384615385,
      0.9,
      0.4444444444444444,
      3.375,
      0.6666666666666666,
      0.2777777777777778,
      1,
      2.8,
      1.0714285714285714,
      0.7333333333333333,
      1.8181818181818181,
      0.5,
      1.8,
      0.8333333333333334,
      1,
      0.6,
      1.6666666666666667,
      0.26666666666666666,
      4.75,
      0.8947368421052632,
      1.1176470588235294,
      0.5263157894736842,
      1.1,
      0.7272727272727273,
      1.625,
      1.1538461538461537,
      1.2,
      0.4444444444444444,
      2.25,
      1.4444444444444444,
      0.34615384615384615,
      1.1111111111111112,
      1.4,
      1.3571428571428572,
      0.8421052631578947,
      0.5,
      2,
      1.125,
      0.6111111111111112,
      1.5454545454545454,
      1.8235294117647058,
      0.3870967741935484,
      1.1666666666666667,
      1.7857142857142858
    ],
    "ratio_mean": 1.2392444124964008,
    "ratio_std": 0.8460326417604239,
    "distance_to_phi_mean": 0.3787895762035991
  }
}