{
  "schema": "genius.phi.shadow.v1",
  "seed": 10,
  "text_hash": "caf883b6febc04e3aaa52a82a4baa393cace830826af8ae83e8c227e18b452a6",
  "phi_metrics": {
    "observer_only": true,
    "phi_reference": 1.6180339887,
    "sentence_count": 45,
    "sentence_lengths": [
      26,
      30,
      7,
      16,
      10,
      32,
      8,
      1,
      1,
      9,
      7,
      24,
      4,
      17,
      17,
      9,
      29,
      12,
      4,
      4,
      3,
      22,
      12,
      16,
      25,
      6,
      7,
      5,
      20,
      4,
      11,
      4,
      18,
      19,
      21,
      10,
      25,
      8,
      24,
      4,
      30,
      12,
      14,
      30,
      13
    ],
    "ratios": [
      1.1538461538461537,
      0.23333333333333334,
      2.2857142857142856,
      0.625,
      3.2,
      0.25,
      0.125,
      1,
      9,
      0.7777777777777778,
      3.4285714285714284,
      0.16666666666666666,
      4.25,
      1,
      0.5294117647058824,
      3.2222222222222223,
      0.41379310344827586,
      0.3333333333333333,
      1,
      0.75,
      7.333333333333333,
      0.5454545454545454,
      1.3333333333333333,
      1.5625,
      0.24,
      1.1666666666666667,
      0.7142857142857143,
      4,
      0.2,
      2.75,
      0.36363636363636365,
      4.5,
      1.0555555555555556,
      1.105263157894737,
      0.47619047619047616,
      2.5,
      0.32,
      3,
      0.16666666666666666,
      7.5,
      0.4,
      1.1666666666666667,
      2.142857142857143,
      0.43333333333333335
    ],
    "ratio_mean": 1.7891002960339528,
    "ratio_std": 2.0623247680574375,
    "distance_to_phi_mean": 0.1710663073339529
  }
}