{
  "schema": "genius.phi.shadow.v1",
  "seed": 23,
  "text_hash": "6c1adca788957a2880d82c0dcfcc0102a1d08028927655f6d33ecf6d69a817c9",
  "phi_metrics": {
    "observer_only": true,
    "phi_reference": 1.6180339887,
    "sentence_count": 27,
    "sentence_lengths": [
      22,
      25,
      20,
      24,
      22,
      19,
      6,
      12,
      29,
      13,
      23,
      16,
      4,
      4,
      14,
      25,
      6,
      21,
      32,
      4,
      31,
      25,
      9,
      14,
      21,
      20,
      28
    ],
    "ratios": [
      1.1363636363636365,
      0.8,
      1.2,
      0.9166666666666666,
      0.8636363636363636,
      0.3157894736842105,
      2,
      2.4166666666666665,
      0.4482758620689655,
      1.7692307692307692,
      0.6956521739130435,
      0.25,
      1,
      3.5,
      1.7857142857142858,
      0.24,
      3.5,
      1.5238095238095237,
      0.125,
      7.75,
      0.8064516129032258,
      0.36,
      1.5555555555555556,
      1.5,
      0.9523809523809523,
      1.4
    ],
    "ratio_mean": 1.4927382131766866,
    "ratio_std": 1.5229440161452603,
    "distance_to_phi_mean": 0.12529577552331328
  }
}