{
  "schema": "genius.phi.shadow.v1",
  "seed": 2,
  "text_hash": "927acba4d69afc103aa4d4b44ca488675b6de83c5d6152cfcf6f545cf16bc4c0",
  "phi_metrics": {
    "observer_only": true,
    "phi_reference": 1.6180339887,
    "sentence_count": 39,
    "sentence_lengths": [
      24,
      22,
      18,
      2,
      16,
      25,
      13,
      18,
      9,
      22,
      8,
      7,
      24,
      5,
      8,
      6,
      24,
      16,
      5,
      23,
      11,
      21,
      4,
      15,
      8,
      15,
      2,
      19,
      13,
      8,
      11,
      16,
      15,
      10,
      2,
      20,
      24,
      3,
      3
    ],
    "ratios": [
      0.9166666666666666,
      0.8181818181818182,
      0.1111111111111111,
      8,
      1.5625,
      0.52,
      1.3846153846153846,
      0.5,
      2.4444444444444446,
      0.36363636363636365,
      0.875,
      3.4285714285714284,
      0.20833333333333334,
      1.6,
      0.75,
      4,
      0.6666666666666666,
      0.3125,
      4.6,
      0.4782608695652174,
      1.9090909090909092,
      0.19047619047619047,
      3.75,
      0.5333333333333333,
      1.875,
      0.13333333333333333,
      9.5,
      0.6842105263157895,
      0.6153846153846154,
      1.375,
      1.4545454545454546,
      0.9375,
      0.6666666666666666,
      0.2,
      10,
      1.2,
      0.125,
      1
    ],
    "ratio_mean": 1.8339481346299662,
    "ratio_std": 2.4214041056087776,
    "distance_to_phi_mean": 0.21591414592996627
  }
}