{
  "schema": "genius.phi.shadow.v1",
  "seed": 44,
  "actual_seed": 44,
  "text_hash": "1e40c3935e75eb6294f1b2f13bca1a11566f564c58a9d9674501c3a9977a1082",
  "phi_metrics": {
    "observer_only": true,
    "phi_reference": 1.6180339887,
    "sentence_count": 47,
    "sentence_lengths": [
      25,
      31,
      6,
      10,
      15,
      21,
      21,
      19,
      7,
      15,
      18,
      18,
      5,
      17,
      11,
      23,
      17,
      8,
      24,
      13,
      5,
      13,
      10,
      16,
      18,
      15,
      8,
      19,
      17,
      14,
      5,
      4,
      11,
      17,
      6,
      10,
      20,
      9,
      18,
      7,
      10,
      20,
      10,
      17,
      2,
      3,
      13
    ],
    "ratios": [
      1.24,
      0.1935483870967742,
      1.6666666666666667,
      1.5,
      1.4,
      1,
      0.9047619047619048,
      0.3684210526315789,
      2.142857142857143,
      1.2,
      1,
      0.2777777777777778,
      3.4,
      0.6470588235294118,
      2.090909090909091,
      0.7391304347826086,
      0.47058823529411764,
      3,
      0.5416666666666666,
      0.38461538461538464,
      2.6,
      0.7692307692307693,
      1.6,
      1.125,
      0.8333333333333334,
      0.5333333333333333,
      2.375,
      0.8947368421052632,
      0.8235294117647058,
      0.35714285714285715,
      0.8,
      2.75,
      1.5454545454545454,
      0.35294117647058826,
      1.6666666666666667,
      2,
      0.45,
      2,
      0.3888888888888889,
      1.4285714285714286,
      2,
      0.5,
      1.7,
      0.11764705882352941,
      1.5,
      4.333333333333333
    ],
    "ratio_mean": 1.2959306785371383,
    "ratio_std": 0.913716528958864,
    "distance_to_phi_mean": 0.32210331016286164
  }
}