{
  "schema": "genius.phi.shadow.v1",
  "seed": 18,
  "text_hash": "a036f5d4c5ec9250bff883014aa82a6f0aedfded04e6613366fc76b0562daf0a",
  "phi_metrics": {
    "observer_only": true,
    "phi_reference": 1.6180339887,
    "sentence_count": 54,
    "sentence_lengths": [
      28,
      16,
      23,
      17,
      29,
      9,
      18,
      6,
      3,
      23,
      12,
      8,
      13,
      36,
      6,
      5,
      24,
      16,
      23,
      26,
      14,
      20,
      15,
      23,
      11,
      15,
      15,
      17,
      13,
      21,
      14,
      23,
      19,
      13,
      10,
      6,
      16,
      26,
      3,
      12,
      15,
      17,
      14,
      8,
      17,
      13,
      18,
      2,
      14,
      22,
      19,
      10,
      3,
      5
    ],
    "ratios": [
      0.5714285714285714,
      1.4375,
      0.7391304347826086,
      1.7058823529411764,
      0.3103448275862069,
      2,
      0.3333333333333333,
      0.5,
      7.666666666666667,
      0.5217391304347826,
      0.6666666666666666,
      1.625,
      2.769230769230769,
      0.16666666666666666,
      0.8333333333333334,
      4.8,
      0.6666666666666666,
      1.4375,
      1.1304347826086956,
      0.5384615384615384,
      1.4285714285714286,
      0.75,
      1.5333333333333334,
      0.4782608695652174,
      1.3636363636363635,
      1,
      1.1333333333333333,
      0.7647058823529411,
      1.6153846153846154,
      0.6666666666666666,
      1.6428571428571428,
      0.8260869565217391,
      0.6842105263157895,
      0.7692307692307693,
      0.6,
      2.6666666666666665,
      1.625,
      0.11538461538461539,
      4,
      1.25,
      1.1333333333333333,
      0.8235294117647058,
      0.5714285714285714,
      2.125,
      0.7647058823529411,
      1.3846153846153846,
      0.1111111111111111,
      7,
      1.5714285714285714,
      0.8636363636363636,
      0.5263157894736842,
      0.3,
      1.6666666666666667
    ],
    "ratio_mean": 1.3995299244611252,
    "ratio_std": 1.466061214367209,
    "distance_to_phi_mean": 0.2185040642388747
  }
}