{
  "schema": "genius.phi.shadow.v1",
  "seed": 15,
  "text_hash": "caca65b0cd1af6d737c447185f58d8cc2cebf6fedc6c1cb8276c188443542706",
  "phi_metrics": {
    "observer_only": true,
    "phi_reference": 1.6180339887,
    "sentence_count": 48,
    "sentence_lengths": [
      20,
      25,
      22,
      26,
      14,
      14,
      6,
      1,
      19,
      15,
      23,
      5,
      19,
      2,
      7,
      12,
      19,
      9,
      18,
      18,
      18,
      11,
      16,
      7,
      10,
      10,
      24,
      6,
      4,
      13,
      21,
      16,
      8,
      18,
      8,
      13,
      12,
      10,
      8,
      16,
      20,
      14,
      20,
      20,
      14,
      3,
      6,
      18
    ],
    "ratios": [
      1.25,
      0.88,
      1.1818181818181819,
      0.5384615384615384,
      1,
      0.42857142857142855,
      0.16666666666666666,
      19,
      0.7894736842105263,
      1.5333333333333334,
      0.21739130434782608,
      3.8,
      0.10526315789473684,
      3.5,
      1.7142857142857142,
      1.5833333333333333,
      0.47368421052631576,
      2,
      1,
      1,
      0.6111111111111112,
      1.4545454545454546,
      0.4375,
      1.4285714285714286,
      1,
      2.4,
      0.25,
      0.6666666666666666,
      3.25,
      1.6153846153846154,
      0.7619047619047619,
      0.5,
      2.25,
      0.4444444444444444,
      1.625,
      0.9230769230769231,
      0.8333333333333334,
      0.8,
      2,
      1.25,
      0.7,
      1.4285714285714286,
      1,
      0.7,
      0.21428571428571427,
      2,
      3
    ],
    "ratio_mean": 1.6107803922413932,
    "ratio_std": 2.7069185100110924,
    "distance_to_phi_mean": 0.0072535964586066815
  }
}