{
  "schema": "genius.phi.shadow.v1",
  "seed": 28,
  "text_hash": "3c7a077d4aa991884b2e5cffef0b2dbf71bd41a42eb0757b77dd0ef55a03747d",
  "phi_metrics": {
    "observer_only": true,
    "phi_reference": 1.6180339887,
    "sentence_count": 38,
    "sentence_lengths": [
      19,
      25,
      14,
      22,
      7,
      20,
      21,
      19,
      11,
      16,
      4,
      18,
      11,
      8,
      12,
      15,
      16,
      4,
      11,
      13,
      27,
      13,
      10,
      8,
      13,
      14,
      7,
      1,
      16,
      18,
      19,
      5,
      13,
      14,
      4,
      5,
      19,
      15
    ],
    "ratios": [
      1.3157894736842106,
      0.56,
      1.5714285714285714,
      0.3181818181818182,
      2.857142857142857,
      1.05,
      0.9047619047619048,
      0.5789473684210527,
      1.4545454545454546,
      0.25,
      4.5,
      0.6111111111111112,
      0.7272727272727273,
      1.5,
      1.25,
      1.0666666666666667,
      0.25,
      2.75,
      1.1818181818181819,
      2.076923076923077,
      0.48148148148148145,
      0.7692307692307693,
      0.8,
      1.625,
      1.0769230769230769,
      0.5,
      0.14285714285714285,
      16,
      1.125,
      1.0555555555555556,
      0.2631578947368421,
      2.6,
      1.0769230769230769,
      0.2857142857142857,
      1.25,
      3.8,
      0.7894736842105263
    ],
    "ratio_mean": 1.632862329178119,
    "ratio_std": 2.581697294408519,
    "distance_to_phi_mean": 0.014828340478119095
  }
}