{
  "schema": "genius.phi.shadow.v1",
  "seed": 30,
  "text_hash": "ae25a628ae0ae4b1f73fa5a026c79440a6f8aac04856ac44501fb24cb489f452",
  "phi_metrics": {
    "observer_only": true,
    "phi_reference": 1.6180339887,
    "sentence_count": 38,
    "sentence_lengths": [
      19,
      23,
      28,
      6,
      21,
      34,
      2,
      6,
      1,
      22,
      16,
      1,
      13,
      9,
      14,
      22,
      9,
      6,
      21,
      11,
      5,
      20,
      7,
      12,
      20,
      21,
      4,
      16,
      5,
      6,
      3,
      8,
      22,
      11,
      4,
      7,
      6,
      27
    ],
    "ratios": [
      1.2105263157894737,
      1.2173913043478262,
      0.21428571428571427,
      3.5,
      1.619047619047619,
      0.058823529411764705,
      3,
      0.16666666666666666,
      22,
      0.7272727272727273,
      0.0625,
      13,
      0.6923076923076923,
      1.5555555555555556,
      1.5714285714285714,
      0.4090909090909091,
      0.6666666666666666,
      3.5,
      0.5238095238095238,
      0.45454545454545453,
      4,
      0.35,
      1.7142857142857142,
      1.6666666666666667,
      1.05,
      0.19047619047619047,
      4,
      0.3125,
      1.2,
      0.5,
      2.6666666666666665,
      2.75,
      0.5,
      0.36363636363636365,
      1.75,
      0.8571428571428571,
      4.5
    ],
    "ratio_mean": 2.284359262408125,
    "ratio_std": 3.9794453871030147,
    "distance_to_phi_mean": 0.6663252737081249
  }
}