{
  "schema": "genius.phi.shadow.v1",
  "seed": 3,
  "text_hash": "5ca667c5d8017086f998d6ce3e6a6528d6b6ed72444e77338d068d60d42a47fa",
  "phi_metrics": {
    "observer_only": true,
    "phi_reference": 1.6180339887,
    "sentence_count": 42,
    "sentence_lengths": [
      18,
      21,
      21,
      12,
      21,
      14,
      15,
      17,
      14,
      11,
      5,
      14,
      12,
      10,
      3,
      16,
      6,
      9,
      16,
      7,
      10,
      16,
      11,
      7,
      3,
      6,
      9,
      16,
      4,
      7,
      13,
      8,
      7,
      7,
      18,
      11,
      24,
      14,
      4,
      4,
      17,
      20
    ],
    "ratios": [
      1.1666666666666667,
      1,
      0.5714285714285714,
      1.75,
      0.6666666666666666,
      1.0714285714285714,
      1.1333333333333333,
      0.8235294117647058,
      0.7857142857142857,
      0.45454545454545453,
      2.8,
      0.8571428571428571,
      0.8333333333333334,
      0.3,
      5.333333333333333,
      0.375,
      1.5,
      1.7777777777777777,
      0.4375,
      1.4285714285714286,
      1.6,
      0.6875,
      0.6363636363636364,
      0.42857142857142855,
      2,
      1.5,
      1.7777777777777777,
      0.25,
      1.75,
      1.8571428571428572,
      0.6153846153846154,
      0.875,
      1,
      2.5714285714285716,
      0.6111111111111112,
      2.1818181818181817,
      0.5833333333333334,
      0.2857142857142857,
      1,
      4.25,
      1.1764705882352942
    ],
    "ratio_mean": 1.285453367770441,
    "ratio_std": 1.016122221874176,
    "distance_to_phi_mean": 0.332580620929559
  }
}