{
  "schema": "genius.phi.shadow.v1",
  "seed": 24,
  "text_hash": "e1ccd83bb4eab368d9edd228a62b69e772876d3152d61ab0e842db99d22d8b2a",
  "phi_metrics": {
    "observer_only": true,
    "phi_reference": 1.6180339887,
    "sentence_count": 58,
    "sentence_lengths": [
      13,
      21,
      17,
      16,
      14,
      13,
      1,
      17,
      6,
      10,
      4,
      14,
      5,
      18,
      15,
      10,
      16,
      4,
      6,
      2,
      11,
      15,
      7,
      15,
      6,
      15,
      7,
      6,
      3,
      11,
      11,
      10,
      11,
      8,
      9,
      5,
      16,
      7,
      14,
      7,
      1,
      8,
      5,
      14,
      12,
      11,
      11,
      2,
      14,
      12,
      8,
      6,
      12,
      7,
      19,
      14,
      1,
      27
    ],
    "ratios": [
      1.6153846153846154,
      0.8095238095238095,
      0.9411764705882353,
      0.875,
      0.9285714285714286,
      0.07692307692307693,
      17,
      0.35294117647058826,
      1.6666666666666667,
      0.4,
      3.5,
      0.35714285714285715,
      3.6,
      0.8333333333333334,
      0.6666666666666666,
      1.6,
      0.25,
      1.5,
      0.3333333333333333,
      5.5,
      1.3636363636363635,
      0.4666666666666667,
      2.142857142857143,
      0.4,
      2.5,
      0.4666666666666667,
      0.8571428571428571,
      0.5,
      3.6666666666666665,
      1,
      0.9090909090909091,
      1.1,
      0.7272727272727273,
      1.125,
      0.5555555555555556,
      3.2,
      0.4375,
      2,
      0.5,
      0.14285714285714285,
      8,
      0.625,
      2.8,
      0.8571428571428571,
      0.9166666666666666,
      1,
      0.18181818181818182,
      7,
      0.8571428571428571,
      0.6666666666666666,
      0.75,
      2,
      0.5833333333333334,
      2.7142857142857144,
      0.7368421052631579,
      0.07142857142857142,
      27
    ],
    "ratio_mean": 2.168910580469567,
    "ratio_std": 4.2007149967726365,
    "distance_to_phi_mean": 0.550876591769567
  }
}