{
  "schema": "genius.phi.shadow.v1",
  "seed": 34,
  "actual_seed": 34,
  "text_hash": "ba19a8ad4d1227a7af9b1ee8fa25d3ada827d2783a8ba25c05477561c6ebdbd5",
  "phi_metrics": {
    "observer_only": true,
    "phi_reference": 1.6180339887,
    "sentence_count": 46,
    "sentence_lengths": [
      17,
      23,
      16,
      23,
      13,
      24,
      19,
      12,
      20,
      9,
      14,
      18,
      14,
      7,
      14,
      24,
      17,
      11,
      14,
      12,
      29,
      14,
      20,
      17,
      10,
      10,
      12,
      23,
      15,
      9,
      12,
      4,
      20,
      3,
      12,
      13,
      14,
      7,
      14,
      9,
      12,
      20,
      14,
      16,
      16,
      9
    ],
    "ratios": [
      1.3529411764705883,
      0.6956521739130435,
      1.4375,
      0.5652173913043478,
      1.8461538461538463,
      0.7916666666666666,
      0.631578947368421,
      1.6666666666666667,
      0.45,
      1.5555555555555556,
      1.2857142857142858,
      0.7777777777777778,
      0.5,
      2,
      1.7142857142857142,
      0.7083333333333334,
      0.6470588235294118,
      1.2727272727272727,
      0.8571428571428571,
      2.4166666666666665,
      0.4827586206896552,
      1.4285714285714286,
      0.85,
      0.5882352941176471,
      1,
      1.2,
      1.9166666666666667,
      0.6521739130434783,
      0.6,
      1.3333333333333333,
      0.3333333333333333,
      5,
      0.15,
      4,
      1.0833333333333333,
      1.0769230769230769,
      0.5,
      2,
      0.6428571428571429,
      1.3333333333333333,
      1.6666666666666667,
      0.7,
      1.1428571428571428,
      1,
      0.5625
    ],
    "ratio_mean": 1.2092484986889493,
    "ratio_std": 0.8833140267639963,
    "distance_to_phi_mean": 0.4087854900110506
  }
}