{
  "schema": "genius.phi.shadow.v1",
  "seed": 13,
  "text_hash": "adaa33a9785c6c814fb74723ad01f9b15962f92932e0e40f262b33165e2ab774",
  "phi_metrics": {
    "observer_only": true,
    "phi_reference": 1.6180339887,
    "sentence_count": 33,
    "sentence_lengths": [
      16,
      18,
      20,
      4,
      20,
      24,
      6,
      2,
      15,
      28,
      6,
      6,
      18,
      21,
      19,
      13,
      28,
      10,
      3,
      19,
      3,
      17,
      22,
      15,
      15,
      21,
      4,
      26,
      24,
      10,
      25,
      8,
      7
    ],
    "ratios": [
      1.125,
      1.1111111111111112,
      0.2,
      5,
      1.2,
      0.25,
      0.3333333333333333,
      7.5,
      1.8666666666666667,
      0.21428571428571427,
      1,
      3,
      1.1666666666666667,
      0.9047619047619048,
      0.6842105263157895,
      2.1538461538461537,
      0.35714285714285715,
      0.3,
      6.333333333333333,
      0.15789473684210525,
      5.666666666666667,
      1.2941176470588236,
      0.6818181818181818,
      1,
      1.4,
      0.19047619047619047,
      6.5,
      0.9230769230769231,
      0.4166666666666667,
      2.5,
      0.32,
      0.875
    ],
    "ratio_mean": 1.7695648525021588,
    "ratio_std": 2.046428791759642,
    "distance_to_phi_mean": 0.15153086380215885
  }
}