{
  "schema": "genius.phi.shadow.v1",
  "seed": 6,
  "text_hash": "2b6c625abc383cbeff69dc112f8090f5420a4fbcd2164f39f31e0f8bb5b271ac",
  "phi_metrics": {
    "observer_only": true,
    "phi_reference": 1.6180339887,
    "sentence_count": 46,
    "sentence_lengths": [
      17,
      19,
      16,
      18,
      6,
      14,
      19,
      24,
      9,
      23,
      8,
      14,
      8,
      9,
      11,
      12,
      9,
      9,
      16,
      3,
      5,
      10,
      22,
      8,
      17,
      11,
      11,
      10,
      20,
      13,
      19,
      9,
      9,
      14,
      15,
      12,
      10,
      14,
      11,
      8,
      15,
      12,
      11,
      16,
      14,
      18
    ],
    "ratios": [
      1.1176470588235294,
      0.8421052631578947,
      1.125,
      0.3333333333333333,
      2.3333333333333335,
      1.3571428571428572,
      1.263157894736842,
      0.375,
      2.5555555555555554,
      0.34782608695652173,
      1.75,
      0.5714285714285714,
      1.125,
      1.2222222222222223,
      1.0909090909090908,
      0.75,
      1,
      1.7777777777777777,
      0.1875,
      1.6666666666666667,
      2,
      2.2,
      0.36363636363636365,
      2.125,
      0.6470588235294118,
      1,
      0.9090909090909091,
      2,
      0.65,
      1.4615384615384615,
      0.47368421052631576,
      1,
      1.5555555555555556,
      1.0714285714285714,
      0.8,
      0.8333333333333334,
      1.4,
      0.7857142857142857,
      0.7272727272727273,
      1.875,
      0.8,
      0.9166666666666666,
      1.4545454545454546,
      0.875,
      1.2857142857142858
    ],
    "ratio_mean": 1.1555965635688117,
    "ratio_std": 0.5743663756398004,
    "distance_to_phi_mean": 0.46243742513118824
  }
}