{
  "schema": "genius.phi.shadow.v1",
  "seed": 8,
  "text_hash": "2e97d1686b8005df3559ea929c05bff65bc099c418038b98a3b8bda2ae7c7bd7",
  "phi_metrics": {
    "observer_only": true,
    "phi_reference": 1.6180339887,
    "sentence_count": 29,
    "sentence_lengths": [
      25,
      35,
      22,
      15,
      14,
      15,
      31,
      17,
      2,
      19,
      12,
      6,
      14,
      19,
      34,
      15,
      14,
      20,
      15,
      3,
      11,
      26,
      18,
      15,
      21,
      7,
      3,
      10,
      10
    ],
    "ratios": [
      1.4,
      0.6285714285714286,
      0.6818181818181818,
      0.9333333333333333,
      1.0714285714285714,
      2.066666666666667,
      0.5483870967741935,
      0.11764705882352941,
      9.5,
      0.631578947368421,
      0.5,
      2.3333333333333335,
      1.3571428571428572,
      1.7894736842105263,
      0.4411764705882353,
      0.9333333333333333,
      1.4285714285714286,
      0.75,
      0.2,
      3.6666666666666665,
      2.3636363636363638,
      0.6923076923076923,
      0.8333333333333334,
      1.4,
      0.3333333333333333,
      0.42857142857142855,
      3.3333333333333335,
      1
    ],
    "ratio_mean": 1.4772730193980785,
    "ratio_std": 1.7726759167148047,
    "distance_to_phi_mean": 0.1407609693019214
  }
}