{
  "schema": "genius.phi.shadow.v1",
  "seed": 43,
  "actual_seed": 43,
  "text_hash": "e8aac84e56fb537ed0479d404dd67817ae40d253c26280719a65d784bdc3394d",
  "phi_metrics": {
    "observer_only": true,
    "phi_reference": 1.6180339887,
    "sentence_count": 45,
    "sentence_lengths": [
      10,
      23,
      25,
      16,
      36,
      34,
      3,
      19,
      15,
      22,
      2,
      6,
      4,
      8,
      20,
      16,
      4,
      14,
      8,
      20,
      10,
      10,
      34,
      7,
      2,
      36,
      4,
      21,
      8,
      11,
      10,
      27,
      5,
      22,
      37,
      9,
      13,
      26,
      8,
      14,
      9,
      35,
      12,
      25,
      13
    ],
    "ratios": [
      2.3,
      1.0869565217391304,
      0.64,
      2.25,
      0.9444444444444444,
      0.08823529411764706,
      6.333333333333333,
      0.7894736842105263,
      1.4666666666666666,
      0.09090909090909091,
      3,
      0.6666666666666666,
      2,
      2.5,
      0.8,
      0.25,
      3.5,
      0.5714285714285714,
      2.5,
      0.5,
      1,
      3.4,
      0.20588235294117646,
      0.2857142857142857,
      18,
      0.1111111111111111,
      5.25,
      0.38095238095238093,
      1.375,
      0.9090909090909091,
      2.7,
      0.18518518518518517,
      4.4,
      1.6818181818181819,
      0.24324324324324326,
      1.4444444444444444,
      2,
      0.3076923076923077,
      1.75,
      0.6428571428571429,
      3.888888888888889,
      0.34285714285714286,
      2.0833333333333335,
      0.52
    ],
    "ratio_mean": 1.940595117810132,
    "ratio_std": 2.8433020652266787,
    "distance_to_phi_mean": 0.322561129110132
  }
}