{
  "schema": "genius.phi.shadow.v1",
  "seed": 48,
  "actual_seed": 148,
  "text_hash": "19fc2c8b4247184fca077efc4f54b53911bdbe28b6e198ab635224db56bd0224",
  "phi_metrics": {
    "observer_only": true,
    "phi_reference": 1.6180339887,
    "sentence_count": 48,
    "sentence_lengths": [
      18,
      12,
      17,
      16,
      13,
      16,
      22,
      13,
      11,
      9,
      11,
      19,
      13,
      11,
      4,
      21,
      1,
      7,
      6,
      7,
      18,
      18,
      9,
      5,
      19,
      3,
      2,
      21,
      16,
      20,
      15,
      5,
      10,
      17,
      10,
      20,
      8,
      18,
      13,
      13,
      7,
      19,
      21,
      10,
      12,
      14,
      11,
      10
    ],
    "ratios": [
      0.6666666666666666,
      1.4166666666666667,
      0.9411764705882353,
      0.8125,
      1.2307692307692308,
      1.375,
      0.5909090909090909,
      0.8461538461538461,
      0.8181818181818182,
      1.2222222222222223,
      1.7272727272727273,
      0.6842105263157895,
      0.8461538461538461,
      0.36363636363636365,
      5.25,
      0.047619047619047616,
      7,
      0.8571428571428571,
      1.1666666666666667,
      2.5714285714285716,
      1,
      0.5,
      0.5555555555555556,
      3.8,
      0.15789473684210525,
      0.6666666666666666,
      10.5,
      0.7619047619047619,
      1.25,
      0.75,
      0.3333333333333333,
      2,
      1.7,
      0.5882352941176471,
      2,
      0.4,
      2.25,
      0.7222222222222222,
      1,
      0.5384615384615384,
      2.7142857142857144,
      1.105263157894737,
      0.47619047619047616,
      1.2,
      1.1666666666666667,
      0.7857142857142857,
      0.9090909090909091
    ],
    "ratio_mean": 1.4950183390923464,
    "ratio_std": 1.8219721124260326,
    "distance_to_phi_mean": 0.12301564960765354
  }
}