{
  "schema": "genius.phi.shadow.v1",
  "seed": 37,
  "actual_seed": 37,
  "text_hash": "870b16d9bc4d18a61b855e60715fc55fda1ea9d0fffe00901cc109e03ccdf572",
  "phi_metrics": {
    "observer_only": true,
    "phi_reference": 1.6180339887,
    "sentence_count": 55,
    "sentence_lengths": [
      19,
      21,
      15,
      11,
      15,
      3,
      20,
      10,
      27,
      17,
      11,
      11,
      25,
      13,
      19,
      3,
      4,
      14,
      17,
      16,
      4,
      5,
      8,
      4,
      11,
      17,
      15,
      8,
      18,
      3,
      4,
      17,
      8,
      15,
      21,
      4,
      13,
      14,
      14,
      6,
      26,
      15,
      10,
      5,
      16,
      20,
      9,
      11,
      22,
      2,
      12,
      22,
      18,
      8,
      14
    ],
    "ratios": [
      1.105263157894737,
      0.7142857142857143,
      0.7333333333333333,
      1.3636363636363635,
      0.2,
      6.666666666666667,
      0.5,
      2.7,
      0.6296296296296297,
      0.6470588235294118,
      1,
      2.272727272727273,
      0.52,
      1.4615384615384615,
      0.15789473684210525,
      1.3333333333333333,
      3.5,
      1.2142857142857142,
      0.9411764705882353,
      0.25,
      1.25,
      1.6,
      0.5,
      2.75,
      1.5454545454545454,
      0.8823529411764706,
      0.5333333333333333,
      2.25,
      0.16666666666666666,
      1.3333333333333333,
      4.25,
      0.47058823529411764,
      1.875,
      1.4,
      0.19047619047619047,
      3.25,
      1.0769230769230769,
      1,
      0.42857142857142855,
      4.333333333333333,
      0.5769230769230769,
      0.6666666666666666,
      0.5,
      3.2,
      1.25,
      0.45,
      1.2222222222222223,
      2,
      0.09090909090909091,
      6,
      1.8333333333333333,
      0.8181818181818182,
      0.4444444444444444,
      1.75
    ],
    "ratio_mean": 1.4777693225098913,
    "ratio_std": 1.3854376506455364,
    "distance_to_phi_mean": 0.14026466619010858
  }
}