{
  "schema": "genius.phi.shadow.v1",
  "seed": 26,
  "text_hash": "8e3ee24d28f97da1eafab8120a68ff73defb9b95e3bb253b40e94bad45d11042",
  "phi_metrics": {
    "observer_only": true,
    "phi_reference": 1.6180339887,
    "sentence_count": 34,
    "sentence_lengths": [
      27,
      15,
      28,
      20,
      21,
      23,
      18,
      16,
      19,
      20,
      26,
      16,
      28,
      15,
      5,
      4,
      25,
      27,
      23,
      15,
      25,
      15,
      18,
      15,
      21,
      26,
      14,
      19,
      27,
      16,
      14,
      28,
      22,
      25
    ],
    "ratios": [
      0.5555555555555556,
      1.8666666666666667,
      0.7142857142857143,
      1.05,
      1.0952380952380953,
      0.782608695652174,
      0.8888888888888888,
      1.1875,
      1.0526315789473684,
      1.3,
      0.6153846153846154,
      1.75,
      0.5357142857142857,
      0.3333333333333333,
      0.8,
      6.25,
      1.08,
      0.8518518518518519,
      0.6521739130434783,
      1.6666666666666667,
      0.6,
      1.2,
      0.8333333333333334,
      1.4,
      1.2380952380952381,
      0.5384615384615384,
      1.3571428571428572,
      1.4210526315789473,
      0.5925925925925926,
      0.875,
      2,
      0.7857142857142857,
      1.1363636363636365
    ],
    "ratio_mean": 1.1820077568033673,
    "ratio_std": 0.983366837447271,
    "distance_to_phi_mean": 0.4360262318966326
  }
}