{
  "meta": {
    "version": "v1.0",
    "generated": "2026-03-03T08:39:58.206335+00:00",
    "source": "baselines_v5.json",
    "description": "Golden Zone thresholds per language. zone_min=P25, target=median, elite=P75-P90",
    "sha256": "126af4e15bca4fdc5366d9f63bd4934ff121c8883d188310d9c7231169ffe205"
  },
  "thresholds": {
    "FR": {
      "F21": {
        "zone_min": 0.211242,
        "target": 0.250965,
        "zone_max": 0.35861,
        "elite_low": 0.299797,
        "elite_high": 0.35861,
        "mean": 0.259202,
        "std": 0.065867,
        "n_calibration": 75
      },
      "F22": {
        "zone_min": 0.010476,
        "target": 0.177188,
        "zone_max": 0.306248,
        "elite_low": 0.234322,
        "elite_high": 0.306248,
        "mean": 0.16296,
        "std": 0.123478,
        "n_calibration": 75
      },
      "F24": {
        "zone_min": 0.893515,
        "target": 0.901572,
        "zone_max": 0.917984,
        "elite_low": 0.91378,
        "elite_high": 0.917984,
        "mean": 0.900616,
        "std": 0.014302,
        "n_calibration": 75
      },
      "F25": {
        "zone_min": 0.464357,
        "target": 0.495916,
        "zone_max": 0.541368,
        "elite_low": 0.527954,
        "elite_high": 0.541368,
        "mean": 0.492353,
        "std": 0.042786,
        "n_calibration": 75
      },
      "F26": {
        "zone_min": 0.080713,
        "target": 0.104049,
        "zone_max": 0.21068,
        "elite_low": 0.169683,
        "elite_high": 0.21068,
        "mean": 0.124258,
        "std": 0.058082,
        "n_calibration": 75
      },
      "F27": {
        "zone_min": 0.194578,
        "target": 0.254885,
        "zone_max": 0.38431,
        "elite_low": 0.308891,
        "elite_high": 0.38431,
        "mean": 0.255429,
        "std": 0.077668,
        "n_calibration": 75
      },
      "F28": {
        "zone_min": 0.028127,
        "target": 0.042555,
        "zone_max": 0.106258,
        "elite_low": 0.069347,
        "elite_high": 0.106258,
        "mean": 0.050059,
        "std": 0.030857,
        "n_calibration": 75
      },
      "F29": {
        "zone_min": 0.748011,
        "target": 0.76232,
        "zone_max": 0.788505,
        "elite_low": 0.775375,
        "elite_high": 0.788505,
        "mean": 0.758759,
        "std": 0.023734,
        "n_calibration": 75
      },
      "F30": {
        "zone_min": 1.077763,
        "target": 1.230345,
        "zone_max": 2.430824,
        "elite_low": 2.11541,
        "elite_high": 2.430824,
        "mean": 1.513531,
        "std": 0.575636,
        "n_calibration": 75
      },
      "F1a": {
        "zone_min": 9.20095,
        "target": 10.96655,
        "zone_max": 19.5567,
        "elite_low": 13.4529,
        "elite_high": 19.5567,
        "mean": 12.041054,
        "std": 4.298104,
        "n_calibration": 75
      }
    },
    "EN": {
      "F21": {
        "zone_min": 0.191379,
        "target": 0.217446,
        "zone_max": 0.284816,
        "elite_low": 0.258808,
        "elite_high": 0.284816,
        "mean": 0.227551,
        "std": 0.045573,
        "n_calibration": 52
      },
      "F22": {
        "zone_min": 0.008315,
        "target": 0.011383,
        "zone_max": 0.031148,
        "elite_low": 0.017327,
        "elite_high": 0.031148,
        "mean": 0.014291,
        "std": 0.009558,
        "n_calibration": 52
      },
      "F24": {
        "zone_min": 0.886506,
        "target": 0.901936,
        "zone_max": 0.916968,
        "elite_low": 0.911816,
        "elite_high": 0.916968,
        "mean": 0.897625,
        "std": 0.017798,
        "n_calibration": 52
      },
      "F25": {
        "zone_min": 0.45414,
        "target": 0.510647,
        "zone_max": 0.560238,
        "elite_low": 0.52962,
        "elite_high": 0.560238,
        "mean": 0.494453,
        "std": 0.050939,
        "n_calibration": 52
      },
      "F26": {
        "zone_min": 0.079143,
        "target": 0.107039,
        "zone_max": 0.171153,
        "elite_low": 0.146155,
        "elite_high": 0.171153,
        "mean": 0.109583,
        "std": 0.049018,
        "n_calibration": 52
      },
      "F27": {
        "zone_min": 0.23192,
        "target": 0.279837,
        "zone_max": 0.419967,
        "elite_low": 0.350293,
        "elite_high": 0.419967,
        "mean": 0.286532,
        "std": 0.087424,
        "n_calibration": 52
      },
      "F28": {
        "zone_min": 0.019319,
        "target": 0.038686,
        "zone_max": 0.077218,
        "elite_low": 0.054304,
        "elite_high": 0.077218,
        "mean": 0.040244,
        "std": 0.024265,
        "n_calibration": 52
      },
      "F29": {
        "zone_min": 0.71926,
        "target": 0.73753,
        "zone_max": 0.76265,
        "elite_low": 0.750525,
        "elite_high": 0.76265,
        "mean": 0.732263,
        "std": 0.026402,
        "n_calibration": 52
      },
      "F30": {
        "zone_min": 2.271235,
        "target": 2.381507,
        "zone_max": 2.61603,
        "elite_low": 2.501295,
        "elite_high": 2.61603,
        "mean": 2.393743,
        "std": 0.158248,
        "n_calibration": 52
      },
      "F1a": {
        "zone_min": 7.9856,
        "target": 9.599013,
        "zone_max": 11.17755,
        "elite_low": 10.5724,
        "elite_high": 11.17755,
        "mean": 9.254032,
        "std": 1.952103,
        "n_calibration": 52
      }
    }
  }
}