{
  "schema": "omnipotent.calibration.v1",
  "seed": 12,
  "provider": "anthropic",
  "model": "claude-sonnet-4-20250514",
  "timestamp": "2026-02-19T09:24:18.252Z",
  "prompt_hash": "0a331d04f95375ec1479aa4a0a775fcfca3b599d785f4a6abf0261bd7815793d",
  "output_hash": "a6899517ef77387fbfe51774da290657f61a3a264dce5dd435107c3b6c263d12",
  "scores": {
    "physics_score": 84.44,
    "S_score": 89.20005117371169,
    "Q_text": 89.42858463424189,
    "M": 89.65770360500325,
    "G": 89.20005117371169,
    "delta_as": 1,
    "AS": 93.2,
    "ECC": 87.98767915433986,
    "RCI": 82.05520535248468,
    "SII": 86.09821428571429,
    "IFI": 100,
    "AAI": 93.2
  },
  "verdict": "REJECT",
  "physics_audit": {
    "forced_transitions": 0,
    "dead_zones": 0,
    "feasibility_failures": 0,
    "trajectory_compliance": 0.8443999999999999
  },
  "run_hash": "57cf0eeb2b88e198c8e16b9fd6f7299152569f68b238c4fc94d3ac2f43f12ee4"
}