{
  "schema": "omnipotent.calibration.v1",
  "seed": 17,
  "provider": "anthropic",
  "model": "claude-sonnet-4-20250514",
  "timestamp": "2026-02-19T11:17:19.194Z",
  "prompt_hash": "0a331d04f95375ec1479aa4a0a775fcfca3b599d785f4a6abf0261bd7815793d",
  "output_hash": "69dc5d34261b90038cf7ae1ff8d3731ae85acb0b12df2669587453dfb5aae684",
  "scores": {
    "physics_score": 86.06,
    "S_score": 89.95723216218894,
    "Q_text": 89.83500011973717,
    "M": 89.71293416367827,
    "G": 89.95723216218894,
    "delta_as": 1,
    "AS": 93.2,
    "ECC": 91.69769724213697,
    "RCI": 78.39508115200249,
    "SII": 88.34285714285714,
    "IFI": 98.1839970501475,
    "AAI": 93.2
  },
  "verdict": "REJECT",
  "physics_audit": {
    "forced_transitions": 0,
    "dead_zones": 0,
    "feasibility_failures": 0,
    "trajectory_compliance": 0.8606
  },
  "run_hash": "5a250aec3b28bc3ee3780f1188071027d356ed3dddc7fc8c48a42126217264db"
}