{
  "schema": "omnipotent.calibration.v1",
  "seed": 8,
  "provider": "anthropic",
  "model": "claude-sonnet-4-20250514",
  "timestamp": "2026-02-19T07:57:00.251Z",
  "prompt_hash": "0a331d04f95375ec1479aa4a0a775fcfca3b599d785f4a6abf0261bd7815793d",
  "output_hash": "cf0977f9ecd56e5e57cdb1b1b9c84fabf2d9b8ee6e99db0e7034df2925283fde",
  "scores": {
    "physics_score": 85.12,
    "S_score": 89.87808712498204,
    "Q_text": 89.65943133156333,
    "M": 89.44130748489074,
    "G": 89.87808712498204,
    "delta_as": 1,
    "AS": 95.6,
    "ECC": 90.40485829959513,
    "RCI": 79.0627075857904,
    "SII": 87.63571428571429,
    "IFI": 95.58466453674122,
    "AAI": 95.6
  },
  "verdict": "REJECT",
  "physics_audit": {
    "forced_transitions": 0,
    "dead_zones": 0,
    "feasibility_failures": 0,
    "trajectory_compliance": 0.8512000000000001
  },
  "run_hash": "be584581458af9dadbc2ed57011d8de4eaf47fcb01d88ea0c61dc9ae68c498b3"
}