{
  "schema": "omnipotent.calibration.v1",
  "seed": 16,
  "provider": "anthropic",
  "model": "claude-sonnet-4-20250514",
  "timestamp": "2026-02-19T10:56:54.786Z",
  "prompt_hash": "0a331d04f95375ec1479aa4a0a775fcfca3b599d785f4a6abf0261bd7815793d",
  "output_hash": "d58eb36e4bf416d1f5179faa28b0bf08d37e32f7fb2e6dac708ceb0599435d58",
  "scores": {
    "physics_score": 83.49,
    "S_score": 88.22251395722552,
    "Q_text": 88.43631891355729,
    "M": 88.6506420206116,
    "G": 88.22251395722552,
    "delta_as": 1,
    "AS": 95.6,
    "ECC": 84.90220286272802,
    "RCI": 83.15420931737549,
    "SII": 81.12380952380953,
    "IFI": 100,
    "AAI": 95.6
  },
  "verdict": "REJECT",
  "physics_audit": {
    "forced_transitions": 0,
    "dead_zones": 0,
    "feasibility_failures": 0,
    "trajectory_compliance": 0.8349
  },
  "run_hash": "01930af9fcb1b0b7b3e7e69fc5e5abe66137dbaffe70f75ca2fdfac5d2b055c0"
}