{
  "schema": "omnipotent.calibration.v1",
  "seed": 15,
  "provider": "anthropic",
  "model": "claude-sonnet-4-20250514",
  "timestamp": "2026-02-19T10:37:10.324Z",
  "prompt_hash": "0a331d04f95375ec1479aa4a0a775fcfca3b599d785f4a6abf0261bd7815793d",
  "output_hash": "cb5f16d3ce8471868f63af432f76f27f2cb7bbfcc36c217b4eeab5136103ba36",
  "scores": {
    "physics_score": 86.28,
    "S_score": 87.25221857324917,
    "Q_text": 86.30067646849048,
    "M": 85.35951154831156,
    "G": 87.25221857324917,
    "delta_as": 1,
    "AS": 90.4,
    "ECC": 94.54293820419377,
    "RCI": 77.90720844972617,
    "SII": 68.05882352941175,
    "IFI": 100,
    "AAI": 90.4
  },
  "verdict": "REJECT",
  "physics_audit": {
    "forced_transitions": 0,
    "dead_zones": 0,
    "feasibility_failures": 0,
    "trajectory_compliance": 0.8628
  },
  "run_hash": "05de0ebc108826bfc281e390a87426447ddef7fa20b64ea9785017fd4e25de60"
}