{
  "schema": "omnipotent.calibration.v1",
  "seed": 7,
  "provider": "anthropic",
  "model": "claude-sonnet-4-20250514",
  "timestamp": "2026-02-19T07:30:51.411Z",
  "prompt_hash": "0a331d04f95375ec1479aa4a0a775fcfca3b599d785f4a6abf0261bd7815793d",
  "output_hash": "9863a22eac8e0ecba188542434057d10a3f4e17b038451a669a1869c301aa334",
  "scores": {
    "physics_score": 81.73,
    "S_score": 87.82063769674372,
    "Q_text": 88.2398543685844,
    "M": 88.66107219439708,
    "G": 87.82063769674372,
    "delta_as": 1,
    "AS": 90.4,
    "ECC": 86.13478235663906,
    "RCI": 80.61396355745354,
    "SII": 87.27857142857144,
    "IFI": 100,
    "AAI": 90.4
  },
  "verdict": "REJECT",
  "physics_audit": {
    "forced_transitions": 0,
    "dead_zones": 0,
    "feasibility_failures": 0,
    "trajectory_compliance": 0.8173
  },
  "run_hash": "9ae8ba2b39fa5816da11052730937f70f6629e62d132330eed1ba38ec920bfbd"
}