{
  "schema": "omnipotent.calibration.v1",
  "seed": 18,
  "provider": "anthropic",
  "model": "claude-sonnet-4-20250514",
  "timestamp": "2026-02-19T11:39:11.851Z",
  "prompt_hash": "0a331d04f95375ec1479aa4a0a775fcfca3b599d785f4a6abf0261bd7815793d",
  "output_hash": "1a87b613cc5bd9a58af6e2094f7e3e292ffad2dbf7d0f350a217e89849e3422a",
  "scores": {
    "physics_score": 84.14,
    "S_score": 89.79161945994937,
    "Q_text": 89.97692170785506,
    "M": 90.16260636252971,
    "G": 89.79161945994937,
    "delta_as": 1,
    "AS": 95.6,
    "ECC": 87.81273377505347,
    "RCI": 80.94099434305676,
    "SII": 87.6896551724138,
    "IFI": 100,
    "AAI": 95.6
  },
  "verdict": "REJECT",
  "physics_audit": {
    "forced_transitions": 0,
    "dead_zones": 0,
    "feasibility_failures": 0,
    "trajectory_compliance": 0.8414
  },
  "run_hash": "35bafe668db039578e7e1d212e33e651dbbfef726298a7ca810e9aba3a97c61d"
}