{
  "schema": "omnipotent.calibration.v1",
  "seed": 10,
  "provider": "anthropic",
  "model": "claude-sonnet-4-20250514",
  "timestamp": "2026-02-19T08:42:29.285Z",
  "prompt_hash": "0a331d04f95375ec1479aa4a0a775fcfca3b599d785f4a6abf0261bd7815793d",
  "output_hash": "bc2f3587c978c7e2a1e1104fc46fe07907fb9129e3d552e5ffa012a66c237c4d",
  "scores": {
    "physics_score": 80.62,
    "S_score": 88.62458442054758,
    "Q_text": 88.61426634241805,
    "M": 88.6039494655662,
    "G": 88.62458442054758,
    "delta_as": 1,
    "AS": 93.2,
    "ECC": 88.78956715859738,
    "RCI": 78.93965804323798,
    "SII": 85.55102040816327,
    "IFI": 97.716323296355,
    "AAI": 93.2
  },
  "verdict": "REJECT",
  "physics_audit": {
    "forced_transitions": 0,
    "dead_zones": 0,
    "feasibility_failures": 0,
    "trajectory_compliance": 0.8062
  },
  "run_hash": "cfcf44f51a10eaadb02df15e6b1100da179aa0ed0bab283335c817a5d3fe980a"
}