{
  "schema": "omnipotent.calibration.v1",
  "seed": 20,
  "provider": "anthropic",
  "model": "claude-sonnet-4-20250514",
  "timestamp": "2026-02-19T12:21:18.146Z",
  "prompt_hash": "0a331d04f95375ec1479aa4a0a775fcfca3b599d785f4a6abf0261bd7815793d",
  "output_hash": "df0233d76efc7e6115bf5aed20578b239289141b65aadad916d176c3a4eba33a",
  "scores": {
    "physics_score": 84.76,
    "S_score": 87.92560689323392,
    "Q_text": 88.26990446366536,
    "M": 88.61555022856703,
    "G": 87.92560689323392,
    "delta_as": 1,
    "AS": 95.6,
    "ECC": 83.75150788367762,
    "RCI": 78.7926596986069,
    "SII": 86.6190476190476,
    "IFI": 100,
    "AAI": 95.6
  },
  "verdict": "REJECT",
  "physics_audit": {
    "forced_transitions": 0,
    "dead_zones": 0,
    "feasibility_failures": 0,
    "trajectory_compliance": 0.8476
  },
  "run_hash": "b9bc649449eb0d197e263534c01d89ee07dd3e424deee57b18506c83c1ed0b7c"
}