{
  "schema": "omnipotent.calibration.v1",
  "seed": 14,
  "provider": "anthropic",
  "model": "claude-sonnet-4-20250514",
  "timestamp": "2026-02-19T10:17:31.645Z",
  "prompt_hash": "0a331d04f95375ec1479aa4a0a775fcfca3b599d785f4a6abf0261bd7815793d",
  "output_hash": "0f6874a65abc6c12ccac35798cd52b655747d27bda859bc892b9ab3f6dc74341",
  "scores": {
    "physics_score": 81.02,
    "S_score": 86.68241532707324,
    "Q_text": 86.90778030551004,
    "M": 87.13373120870811,
    "G": 86.68241532707324,
    "delta_as": 1,
    "AS": 92.80000000000001,
    "ECC": 84.69547425945382,
    "RCI": 76.09694264720532,
    "SII": 83.97619047619047,
    "IFI": 100,
    "AAI": 92.80000000000001
  },
  "verdict": "REJECT",
  "physics_audit": {
    "forced_transitions": 0,
    "dead_zones": 0,
    "feasibility_failures": 0,
    "trajectory_compliance": 0.8101999999999999
  },
  "run_hash": "5d42a40aeda8c8076204c71918416166d497ba739b380ae1d3be902e47e2e435"
}