{
  "schema": "omnipotent.calibration.v1",
  "seed": 1,
  "provider": "anthropic",
  "model": "claude-sonnet-4-20250514",
  "timestamp": "2026-02-19T05:27:53.194Z",
  "prompt_hash": "0a331d04f95375ec1479aa4a0a775fcfca3b599d785f4a6abf0261bd7815793d",
  "output_hash": "3e16db8f12c7bacfb3475a8918843770f3de728414c35212eb330a37b71975ea",
  "scores": {
    "physics_score": 89.57,
    "S_score": 91.5858275183057,
    "Q_text": 91.65591014059288,
    "M": 91.72604639098037,
    "G": 91.5858275183057,
    "delta_as": 1,
    "AS": 95.6,
    "ECC": 91.34254907620861,
    "RCI": 82.12951230816259,
    "SII": 90.53846153846153,
    "IFI": 100,
    "AAI": 95.6
  },
  "verdict": "REJECT",
  "physics_audit": {
    "forced_transitions": 0,
    "dead_zones": 0,
    "feasibility_failures": 0,
    "trajectory_compliance": 0.8956999999999999
  },
  "run_hash": "eda1dd3269850db6f606fb56208e818671c1224863ec7863377a6e9b0ce3e600"
}