{
  "schema": "omnipotent.calibration.v1",
  "seed": 4,
  "provider": "anthropic",
  "model": "claude-sonnet-4-20250514",
  "timestamp": "2026-02-19T06:26:42.048Z",
  "prompt_hash": "0a331d04f95375ec1479aa4a0a775fcfca3b599d785f4a6abf0261bd7815793d",
  "output_hash": "a4594fb4615297c2acf6b61650cad807dbc7581909f3b64180c6ac2edd67ea64",
  "scores": {
    "physics_score": 84.42,
    "S_score": 89.18843745208659,
    "Q_text": 88.99419190489135,
    "M": 88.8003694095365,
    "G": 89.18843745208659,
    "delta_as": 1,
    "AS": 95.6,
    "ECC": 87.2676263731366,
    "RCI": 85.01781639329153,
    "SII": 87.80952380952382,
    "IFI": 88.65663390663391,
    "AAI": 95.6
  },
  "verdict": "REJECT",
  "physics_audit": {
    "forced_transitions": 0,
    "dead_zones": 0,
    "feasibility_failures": 0,
    "trajectory_compliance": 0.8442000000000001
  },
  "run_hash": "e45c9f7e5015505e7e74b8936cc0f37e1e17962dc4709679cbfb8bc2a3ca155e"
}