{
  "schema": "omnipotent.calibration.v1",
  "seed": 6,
  "provider": "anthropic",
  "model": "claude-sonnet-4-20250514",
  "timestamp": "2026-02-19T07:04:15.338Z",
  "prompt_hash": "0a331d04f95375ec1479aa4a0a775fcfca3b599d785f4a6abf0261bd7815793d",
  "output_hash": "f680b7abe56c0dc63ccdd9729d6286dd51d47329f1663ce44112f42bfeb77096",
  "scores": {
    "physics_score": 80.35,
    "S_score": 91.30539443629823,
    "Q_text": 90.86845479996231,
    "M": 90.43360612711194,
    "G": 91.30539443629823,
    "delta_as": 1,
    "AS": 95.6,
    "ECC": 94.01808788829767,
    "RCI": 82.16556581728548,
    "SII": 85.68831168831169,
    "IFI": 95.58032490974729,
    "AAI": 95.6
  },
  "verdict": "REJECT",
  "physics_audit": {
    "forced_transitions": 0,
    "dead_zones": 0,
    "feasibility_failures": 0,
    "trajectory_compliance": 0.8035
  },
  "run_hash": "7ed43f0ec20c0f07766533f295aa600f49a5e4d900f913215d08134bbe7d2d00"
}