{
  "schema": "omnipotent.calibration.v1",
  "seed": 9,
  "provider": "anthropic",
  "model": "claude-sonnet-4-20250514",
  "timestamp": "2026-02-19T08:22:41.602Z",
  "prompt_hash": "0a331d04f95375ec1479aa4a0a775fcfca3b599d785f4a6abf0261bd7815793d",
  "output_hash": "cfeaee3ee5a9c37b8c4af3117205268fdcc965b44237946b690f667651e8d713",
  "scores": {
    "physics_score": 85.87,
    "S_score": 89.97754128409886,
    "Q_text": 90.04420529053137,
    "M": 90.11091868806403,
    "G": 89.97754128409886,
    "delta_as": 1,
    "AS": 95.6,
    "ECC": 89.10713833234603,
    "RCI": 78.51705835375863,
    "SII": 88.82857142857142,
    "IFI": 100,
    "AAI": 95.6
  },
  "verdict": "REJECT",
  "physics_audit": {
    "forced_transitions": 0,
    "dead_zones": 0,
    "feasibility_failures": 0,
    "trajectory_compliance": 0.8587
  },
  "run_hash": "ca289afb43971cf6221f07ee66e2a7e6df14617a0c7489ee2b0b3a891f135c45"
}