{
  "schema": "omnipotent.calibration.v1",
  "seed": 19,
  "provider": "anthropic",
  "model": "claude-sonnet-4-20250514",
  "timestamp": "2026-02-19T11:59:37.024Z",
  "prompt_hash": "0a331d04f95375ec1479aa4a0a775fcfca3b599d785f4a6abf0261bd7815793d",
  "output_hash": "154c3bbd45fb81c3fec470065d5e3620e818381599dab0bbc777aba6181217a0",
  "scores": {
    "physics_score": 84.62,
    "S_score": 86.78326380096263,
    "Q_text": 87.15232724907123,
    "M": 87.52296021442041,
    "G": 86.78326380096263,
    "delta_as": 1,
    "AS": 92.80000000000001,
    "ECC": 83.14981263688074,
    "RCI": 78.04688472731553,
    "SII": 87.61904761904762,
    "IFI": 97.32998084291188,
    "AAI": 92.80000000000001
  },
  "verdict": "REJECT",
  "physics_audit": {
    "forced_transitions": 0,
    "dead_zones": 0,
    "feasibility_failures": 0,
    "trajectory_compliance": 0.8462000000000001
  },
  "run_hash": "43fe71f2a944411243cdf18807c21627a537df62d19c8265f4bed88eb34b9b18"
}