{
  "schema": "omnipotent.calibration.v1",
  "seed": 11,
  "provider": "anthropic",
  "model": "claude-sonnet-4-20250514",
  "timestamp": "2026-02-19T09:03:52.798Z",
  "prompt_hash": "0a331d04f95375ec1479aa4a0a775fcfca3b599d785f4a6abf0261bd7815793d",
  "output_hash": "fe76c01483db9edaf9bd2b276e8450bf5128b65207ff4231a10ad2dd3c4f83da",
  "scores": {
    "physics_score": 86.15,
    "S_score": 90.04721626658717,
    "Q_text": 89.85613950385672,
    "M": 89.66546819873805,
    "G": 90.04721626658717,
    "delta_as": 1,
    "AS": 93.2,
    "ECC": 92.65738158624002,
    "RCI": 77.24659442378298,
    "SII": 87.0408163265306,
    "IFI": 99.82236842105263,
    "AAI": 93.2
  },
  "verdict": "REJECT",
  "physics_audit": {
    "forced_transitions": 0,
    "dead_zones": 0,
    "feasibility_failures": 0,
    "trajectory_compliance": 0.8615
  },
  "run_hash": "ae07e4f44781c434d676e9f6266dde8cfb1e377154daed5abbbf8ac5c6b98471"
}