{
  "schema": "omnipotent.calibration.v1",
  "seed": 5,
  "provider": "anthropic",
  "model": "claude-sonnet-4-20250514",
  "timestamp": "2026-02-19T06:47:12.516Z",
  "prompt_hash": "0a331d04f95375ec1479aa4a0a775fcfca3b599d785f4a6abf0261bd7815793d",
  "output_hash": "b8549b4f70a6b88933e74ee197f08f7377d465aa443fd2f113eb56c54abb605c",
  "scores": {
    "physics_score": 81.78,
    "S_score": 87.32299469688783,
    "Q_text": 87.17166905092868,
    "M": 87.02060564346932,
    "G": 87.32299469688783,
    "delta_as": 1,
    "AS": 95.6,
    "ECC": 85.39895947688886,
    "RCI": 76.282668504521,
    "SII": 87.30075187969926,
    "IFI": 91.78171641791045,
    "AAI": 95.6
  },
  "verdict": "REJECT",
  "physics_audit": {
    "forced_transitions": 0,
    "dead_zones": 0,
    "feasibility_failures": 0,
    "trajectory_compliance": 0.8178
  },
  "run_hash": "d4aeb40b98195ee0a0912baf75909614a2376389adc964c4279bbd62260629b5"
}