{
  "schema": "omnipotent.calibration.v1",
  "seed": 2,
  "provider": "anthropic",
  "model": "claude-sonnet-4-20250514",
  "timestamp": "2026-02-19T05:47:42.720Z",
  "prompt_hash": "0a331d04f95375ec1479aa4a0a775fcfca3b599d785f4a6abf0261bd7815793d",
  "output_hash": "e3a97aff48879999a945983ac8d646c4ed3bcc9261db1b6b5ee58617b9ce76fd",
  "scores": {
    "physics_score": 84.19,
    "S_score": 89.43602325715952,
    "Q_text": 88.79798467573896,
    "M": 88.16449787576569,
    "G": 89.43602325715952,
    "delta_as": 1,
    "AS": 95.6,
    "ECC": 93.23182120052,
    "RCI": 78.67970027471875,
    "SII": 75.95982142857143,
    "IFI": 100,
    "AAI": 95.6
  },
  "verdict": "REJECT",
  "physics_audit": {
    "forced_transitions": 0,
    "dead_zones": 0,
    "feasibility_failures": 0,
    "trajectory_compliance": 0.8419
  },
  "run_hash": "45c8f7665cd7c9076c6eac97e51776dce5c0a0539783e4cd7d949f1c74f13c50"
}