{
  "schema": "omnipotent.calibration.v1",
  "seed": 3,
  "provider": "anthropic",
  "model": "claude-sonnet-4-20250514",
  "timestamp": "2026-02-19T06:07:12.784Z",
  "prompt_hash": "0a331d04f95375ec1479aa4a0a775fcfca3b599d785f4a6abf0261bd7815793d",
  "output_hash": "64e8ab7d90d89779a2fa2e20ed80125bb131587191192d3e00851a47a88a05c1",
  "scores": {
    "physics_score": 82.56,
    "S_score": 88.04570992194411,
    "Q_text": 87.98682487950484,
    "M": 87.92797921942986,
    "G": 88.04570992194411,
    "delta_as": 1,
    "AS": 95.6,
    "ECC": 85.9721526966161,
    "RCI": 78.45675028196354,
    "SII": 87.4375,
    "IFI": 93.21626984126985,
    "AAI": 95.6
  },
  "verdict": "REJECT",
  "physics_audit": {
    "forced_transitions": 0,
    "dead_zones": 0,
    "feasibility_failures": 0,
    "trajectory_compliance": 0.8256
  },
  "run_hash": "684432223c01fc9a306d05631090f5c130ede9b65c4fe90fa1f4ac9d69a340bf"
}