{
  "schema": "omnipotent.calibration.v1",
  "seed": 13,
  "provider": "anthropic",
  "model": "claude-sonnet-4-20250514",
  "timestamp": "2026-02-19T09:50:12.738Z",
  "prompt_hash": "0a331d04f95375ec1479aa4a0a775fcfca3b599d785f4a6abf0261bd7815793d",
  "output_hash": "9f5abcf003e2399c7960ecb100c1bebf0fde71148dc2dad7aaaf0d8b434f5f73",
  "scores": {
    "physics_score": 83.15,
    "S_score": 89.76921381633787,
    "Q_text": 89.22787444240198,
    "M": 88.68979953191983,
    "G": 89.76921381633787,
    "delta_as": 1,
    "AS": 95.6,
    "ECC": 92.64305848154105,
    "RCI": 77.77090337453838,
    "SII": 83.77551020408164,
    "IFI": 95.09624413145539,
    "AAI": 95.6
  },
  "verdict": "REJECT",
  "physics_audit": {
    "forced_transitions": 0,
    "dead_zones": 0,
    "feasibility_failures": 0,
    "trajectory_compliance": 0.8315
  },
  "run_hash": "d8229198fb4c1ed5dc1280d9b1d7028626dcf708793df368665c467946787b95"
}