{
  "schema": "omnipotent.calibration.v1",
  "seed": 4,
  "provider": "anthropic",
  "model": "claude-sonnet-4-20250514",
  "timestamp": "2026-02-19T23:24:08.674Z",
  "prompt_hash": "0a331d04f95375ec1479aa4a0a775fcfca3b599d785f4a6abf0261bd7815793d",
  "output_hash": "baa222cf4fc4081495d2b5c577d63095cc075ef286dd2371037dda3da6b44423",
  "scores": {
    "physics_score": 84.76,
    "S_score": 88.34801366565273,
    "Q_text": 88.43981700815162,
    "M": 88.53171574446125,
    "G": 88.34801366565273,
    "delta_as": 1,
    "AS": 95.6,
    "ECC": 86.27225571711894,
    "RCI": 80.81996334587883,
    "SII": 81.59183673469387,
    "IFI": 100,
    "AAI": 95.6
  },
  "verdict": "REJECT",
  "physics_audit": {
    "forced_transitions": 0,
    "dead_zones": 0,
    "feasibility_failures": 0,
    "trajectory_compliance": 0.8476
  },
  "run_hash": "d080c307bb78b4b7de2e484638faa6b5c1922c3c357cc44aac25c4604280d5d7"
}