{
  "schema": "omnipotent.calibration.v1",
  "seed": 3,
  "provider": "anthropic",
  "model": "claude-sonnet-4-20250514",
  "timestamp": "2026-02-19T23:02:01.797Z",
  "prompt_hash": "0a331d04f95375ec1479aa4a0a775fcfca3b599d785f4a6abf0261bd7815793d",
  "output_hash": "500aa00307edca876b79bcc70556d1febabd79addeccb2f0d762b399701f59af",
  "scores": {
    "physics_score": 83.17,
    "S_score": 88.14342873034192,
    "Q_text": 88.057153733898,
    "M": 87.97096318362459,
    "G": 88.14342873034192,
    "delta_as": 1,
    "AS": 95.6,
    "ECC": 86.7532380334931,
    "RCI": 79.1071542562957,
    "SII": 84.18221574344024,
    "IFI": 95.39311594202898,
    "AAI": 95.6
  },
  "verdict": "REJECT",
  "physics_audit": {
    "forced_transitions": 0,
    "dead_zones": 0,
    "feasibility_failures": 0,
    "trajectory_compliance": 0.8317
  },
  "run_hash": "93640adb1673dddaff0f6548532392dd83db3cdb322920b539f7cf4b56ffbeec"
}