{
  "schema": "omnipotent.calibration.v1",
  "seed": 2,
  "provider": "anthropic",
  "model": "claude-sonnet-4-20250514",
  "timestamp": "2026-02-19T22:42:20.011Z",
  "prompt_hash": "0a331d04f95375ec1479aa4a0a775fcfca3b599d785f4a6abf0261bd7815793d",
  "output_hash": "0f6b9f6db4858099038f37bb179aeec06171a06b15a86e5034c917f7c1839466",
  "scores": {
    "physics_score": 85.11,
    "S_score": 90.30136336833576,
    "Q_text": 90.08955557437606,
    "M": 89.87824458954425,
    "G": 90.30136336833576,
    "delta_as": 1,
    "AS": 95.6,
    "ECC": 91.28443362150409,
    "RCI": 79.85728037831845,
    "SII": 86.42857142857143,
    "IFI": 97.37476894639556,
    "AAI": 95.6
  },
  "verdict": "REJECT",
  "physics_audit": {
    "forced_transitions": 0,
    "dead_zones": 0,
    "feasibility_failures": 0,
    "trajectory_compliance": 0.8511
  },
  "run_hash": "0dbb51a38565234f6b33556ef0d89f460bb85ea701a0408270d3d0f07a1e909d"
}