{
  "schema": "omnipotent.calibration.v1",
  "seed": 1,
  "provider": "anthropic",
  "model": "claude-sonnet-4-20250514",
  "timestamp": "2026-02-19T22:23:30.162Z",
  "prompt_hash": "0a331d04f95375ec1479aa4a0a775fcfca3b599d785f4a6abf0261bd7815793d",
  "output_hash": "fe95f49d226fae36800406251189e8721f3b2d290a4b18e8fb2a7f36a8d437bd",
  "scores": {
    "physics_score": 84.31,
    "S_score": 89.43237238130199,
    "Q_text": 89.37502995608307,
    "M": 89.31772429779366,
    "G": 89.43237238130199,
    "delta_as": 1,
    "AS": 93.2,
    "ECC": 90.61017586261919,
    "RCI": 80.40332509420773,
    "SII": 83.8704761904762,
    "IFI": 99.81877652050919,
    "AAI": 93.2
  },
  "verdict": "REJECT",
  "physics_audit": {
    "forced_transitions": 0,
    "dead_zones": 0,
    "feasibility_failures": 0,
    "trajectory_compliance": 0.8431000000000001
  },
  "run_hash": "7d171e6b982c4af03ca5ae2cefb30af21ff42feafa1b1e5f4ce9c905847d2351"
}