{
  "schema": "omnipotent.calibration.v1",
  "seed": 5,
  "provider": "anthropic",
  "model": "claude-sonnet-4-20250514",
  "timestamp": "2026-02-19T23:48:48.039Z",
  "prompt_hash": "0a331d04f95375ec1479aa4a0a775fcfca3b599d785f4a6abf0261bd7815793d",
  "output_hash": "ea27ba6b76d877eeffc9ca78c064328c6681e3fcedeb3d4cadfeb90e53b685f2",
  "scores": {
    "physics_score": 82.93,
    "S_score": 89.50541405074406,
    "Q_text": 88.81900655458846,
    "M": 88.1378630444808,
    "G": 89.50541405074406,
    "delta_as": 1,
    "AS": 95.6,
    "ECC": 92.64305848154105,
    "RCI": 77.23351460397076,
    "SII": 85.13392857142857,
    "IFI": 91.334179834462,
    "AAI": 95.6
  },
  "verdict": "REJECT",
  "physics_audit": {
    "forced_transitions": 0,
    "dead_zones": 0,
    "feasibility_failures": 0,
    "trajectory_compliance": 0.8293
  },
  "run_hash": "19083bb5de3f5e26cea29313bd969ea3ead32032009bae8a1b22a168c9cf94fd"
}