{
  "schema": "genius.phi.shadow.v1",
  "seed": 1,
  "text_hash": "d243bca06e4a57c85e2197dcf6f3e07cc61b0bd64d6c8d2cd5362991ff361196",
  "phi_metrics": {
    "observer_only": true,
    "phi_reference": 1.6180339887,
    "sentence_count": 43,
    "sentence_lengths": [
      18,
      31,
      26,
      12,
      26,
      14,
      16,
      14,
      16,
      28,
      13,
      5,
      9,
      4,
      6,
      15,
      20,
      12,
      9,
      5,
      33,
      24,
      9,
      12,
      28,
      18,
      9,
      18,
      8,
      12,
      12,
      15,
      34,
      13,
      13,
      20,
      33,
      12,
      51,
      9,
      10,
      17,
      22
    ],
    "ratios": [
      1.7222222222222223,
      0.8387096774193549,
      0.46153846153846156,
      2.1666666666666665,
      0.5384615384615384,
      1.1428571428571428,
      0.875,
      1.1428571428571428,
      1.75,
      0.4642857142857143,
      0.38461538461538464,
      1.8,
      0.4444444444444444,
      1.5,
      2.5,
      1.3333333333333333,
      0.6,
      0.75,
      0.5555555555555556,
      6.6,
      0.7272727272727273,
      0.375,
      1.3333333333333333,
      2.3333333333333335,
      0.6428571428571429,
      0.5,
      2,
      0.4444444444444444,
      1.5,
      1,
      1.25,
      2.2666666666666666,
      0.38235294117647056,
      1,
      1.5384615384615385,
      1.65,
      0.36363636363636365,
      4.25,
      0.17647058823529413,
      1.1111111111111112,
      1.7,
      1.2941176470588236
    ],
    "ratio_mean": 1.3192763124248625,
    "ratio_std": 1.1343154393733448,
    "distance_to_phi_mean": 0.2987576762751374
  }
}