{
  "schema": "omnipotent.calibration.v1",
  "seed": 4,
  "provider": "anthropic",
  "model": "claude-sonnet-4-20250514",
  "timestamp": "2026-02-18T16:29:35.758Z",
  "prompt_hash": "0a331d04f95375ec1479aa4a0a775fcfca3b599d785f4a6abf0261bd7815793d",
  "output_hash": "d5185cb7052c337216899cb5b24f1a03393874b00fc7992f17329b544699b1e8",
  "scores": {
    "physics_score": 60,
    "S_score": 87.74234271214175,
    "Q_text": 87.31796725119541,
    "M": 86.89564432869615,
    "G": 87.74234271214175,
    "delta_as": 1,
    "AS": 95.6,
    "ECC": 88.02014269911753,
    "RCI": 78.36688075632837,
    "SII": 82.28571428571429,
    "IFI": 91.3046875,
    "AAI": 95.6
  },
  "verdict": "REJECT",
  "physics_audit": {
    "forced_transitions": 0,
    "dead_zones": 0,
    "feasibility_failures": 0,
    "trajectory_compliance": 0.6
  },
  "run_hash": "e40937824d1aa7e2a7f88dc7bdacbda48451b8f99090879d21d2d6f4692ba709"
}