{
  "schema": "omnipotent.calibration.v1",
  "seed": 20,
  "provider": "anthropic",
  "model": "claude-sonnet-4-20250514",
  "timestamp": "2026-02-18T21:56:45.065Z",
  "prompt_hash": "0a331d04f95375ec1479aa4a0a775fcfca3b599d785f4a6abf0261bd7815793d",
  "output_hash": "1f29dbe2fb9967b3ce9d825d9ee2eb28d829ef93a543e7928d9a6b566ddb2bb9",
  "scores": {
    "physics_score": 60,
    "S_score": 90.64998226220325,
    "Q_text": 90.3418794896824,
    "M": 90.03482390234642,
    "G": 90.64998226220325,
    "delta_as": 1,
    "AS": 95.6,
    "ECC": 92.41219470388911,
    "RCI": 80.67394949064231,
    "SII": 85.65217391304348,
    "IFI": 96.9156050955414,
    "AAI": 95.6
  },
  "verdict": "REJECT",
  "physics_audit": {
    "forced_transitions": 0,
    "dead_zones": 0,
    "feasibility_failures": 0,
    "trajectory_compliance": 0.6
  },
  "run_hash": "88f18b60208bfd1ce250a89d4d2ac8c9a37912d88ba93c45253516c83ec3298b"
}