{
  "schema": "omnipotent.calibration.v1",
  "seed": 12,
  "provider": "anthropic",
  "model": "claude-sonnet-4-20250514",
  "timestamp": "2026-02-18T19:34:53.639Z",
  "prompt_hash": "0a331d04f95375ec1479aa4a0a775fcfca3b599d785f4a6abf0261bd7815793d",
  "output_hash": "44135e896f3519d796a8ff245badbd691070dc0b0d8867b40c371e9daffec481",
  "scores": {
    "physics_score": 60,
    "S_score": 86.30610484811096,
    "Q_text": 87.07044954863154,
    "M": 87.8415634437791,
    "G": 86.30610484811096,
    "delta_as": 1,
    "AS": 93.2,
    "ECC": 78.92966305703825,
    "RCI": 83.04399590937912,
    "SII": 85.61224489795917,
    "IFI": 100,
    "AAI": 93.2
  },
  "verdict": "REJECT",
  "physics_audit": {
    "forced_transitions": 0,
    "dead_zones": 0,
    "feasibility_failures": 0,
    "trajectory_compliance": 0.6
  },
  "run_hash": "6264bfa95318e6dc5f1a3450494b99aad66a4851e5487162a24f2e5a6bcc7ef9"
}