{
  "schema": "omnipotent.calibration.v1",
  "seed": 7,
  "provider": "anthropic",
  "model": "claude-sonnet-4-20250514",
  "timestamp": "2026-02-18T17:34:49.673Z",
  "prompt_hash": "0a331d04f95375ec1479aa4a0a775fcfca3b599d785f4a6abf0261bd7815793d",
  "output_hash": "3593320ee2980df120bad299c096ca11e0120deb33e258e629ab67994f4c73f2",
  "scores": {
    "physics_score": 60,
    "S_score": 87.31538432156663,
    "Q_text": 87.41663420653738,
    "M": 87.51800149967495,
    "G": 87.31538432156663,
    "delta_as": 1,
    "AS": 90.8,
    "ECC": 87.26793044546402,
    "RCI": 76.68498548482395,
    "SII": 87.47058823529412,
    "IFI": 96.59931506849315,
    "AAI": 90.8
  },
  "verdict": "REJECT",
  "physics_audit": {
    "forced_transitions": 0,
    "dead_zones": 0,
    "feasibility_failures": 0,
    "trajectory_compliance": 0.6
  },
  "run_hash": "5204a1c99f595017db1c813dcc0b0edc782c286b7d5b4192e39c9ef755a03bc4"
}