{
  "schema": "omnipotent.calibration.v1",
  "seed": 14,
  "provider": "anthropic",
  "model": "claude-sonnet-4-20250514",
  "timestamp": "2026-02-18T20:17:56.722Z",
  "prompt_hash": "0a331d04f95375ec1479aa4a0a775fcfca3b599d785f4a6abf0261bd7815793d",
  "output_hash": "d29401707080afafd8f0d4265fb0f530dd76f9a8011c1345bb490e9c185d531e",
  "scores": {
    "physics_score": 60,
    "S_score": 90.09636066365363,
    "Q_text": 89.21334935783943,
    "M": 88.33899221919084,
    "G": 90.09636066365363,
    "delta_as": 1,
    "AS": 95.6,
    "ECC": 95.42353656968166,
    "RCI": 75.24679949705451,
    "SII": 83.60000000000001,
    "IFI": 93.7463768115942,
    "AAI": 95.6
  },
  "verdict": "REJECT",
  "physics_audit": {
    "forced_transitions": 0,
    "dead_zones": 0,
    "feasibility_failures": 0,
    "trajectory_compliance": 0.6
  },
  "run_hash": "af48c73a0fe83fb910e1f01a1274ef7f52b43a22b4fa3b89784f31e8a0b12cf4"
}