{
  "schema": "omnipotent.calibration.v1",
  "seed": 9,
  "provider": "anthropic",
  "model": "claude-sonnet-4-20250514",
  "timestamp": "2026-02-18T18:26:16.138Z",
  "prompt_hash": "0a331d04f95375ec1479aa4a0a775fcfca3b599d785f4a6abf0261bd7815793d",
  "output_hash": "962e8514e18f0bba7ee27113526ea2c200712163ef511b75c5678ad4e5c9921e",
  "scores": {
    "physics_score": 60,
    "S_score": 87.77649733743637,
    "Q_text": 87.47977340331211,
    "M": 87.184052529184,
    "G": 87.77649733743637,
    "delta_as": 1,
    "AS": 92.80000000000001,
    "ECC": 89.96314206809596,
    "RCI": 76.05588457629165,
    "SII": 81.51190476190477,
    "IFI": 97.32374362709396,
    "AAI": 92.80000000000001
  },
  "verdict": "REJECT",
  "physics_audit": {
    "forced_transitions": 0,
    "dead_zones": 0,
    "feasibility_failures": 0,
    "trajectory_compliance": 0.6
  },
  "run_hash": "5835c2b3bd2bff02e3ec4e0e9ac37c84c9d524a555be44384728d0a9c274eec5"
}