{
  "schema": "omnipotent.calibration.v1",
  "seed": 17,
  "provider": "anthropic",
  "model": "claude-sonnet-4-20250514",
  "timestamp": "2026-02-18T21:17:55.506Z",
  "prompt_hash": "0a331d04f95375ec1479aa4a0a775fcfca3b599d785f4a6abf0261bd7815793d",
  "output_hash": "1c44bcdfe274c9aff5d516853c67485a9ce54c5227ee01e3710108684d7cdd8d",
  "scores": {
    "physics_score": 60,
    "S_score": 89.70838588196298,
    "Q_text": 89.54538153358091,
    "M": 89.38267337175185,
    "G": 89.70838588196298,
    "delta_as": 1,
    "AS": 95.6,
    "ECC": 90.35887473691093,
    "RCI": 80.41098784157693,
    "SII": 82.13392857142857,
    "IFI": 100,
    "AAI": 95.6
  },
  "verdict": "REJECT",
  "physics_audit": {
    "forced_transitions": 0,
    "dead_zones": 0,
    "feasibility_failures": 0,
    "trajectory_compliance": 0.6
  },
  "run_hash": "394785feeebe779da7d325165c80144c3e02a6a4ecdbcd603aa755c4ab2670d0"
}