{
  "schema": "omnipotent.calibration.v1",
  "seed": 10,
  "provider": "anthropic",
  "model": "claude-sonnet-4-20250514",
  "timestamp": "2026-02-18T18:45:21.296Z",
  "prompt_hash": "0a331d04f95375ec1479aa4a0a775fcfca3b599d785f4a6abf0261bd7815793d",
  "output_hash": "f819906d79254f05ef7d0da3817bef42339cee75b7c274c51fa054cf015979c0",
  "scores": {
    "physics_score": 60,
    "S_score": 89.18583713065217,
    "Q_text": 89.05713664477398,
    "M": 88.92862188137815,
    "G": 89.18583713065217,
    "delta_as": 1,
    "AS": 95.6,
    "ECC": 87.11618443789175,
    "RCI": 84.95338762966652,
    "SII": 87.21428571428571,
    "IFI": 90.13277511961722,
    "AAI": 95.6
  },
  "verdict": "REJECT",
  "physics_audit": {
    "forced_transitions": 0,
    "dead_zones": 0,
    "feasibility_failures": 0,
    "trajectory_compliance": 0.6
  },
  "run_hash": "b013a71bfed6c7aa2442006d6a4cca2c4ab5be91955f83ce2ee993b7af77eddb"
}