{
  "schema": "omnipotent.calibration.v1",
  "seed": 13,
  "provider": "anthropic",
  "model": "claude-sonnet-4-20250514",
  "timestamp": "2026-02-18T19:53:16.266Z",
  "prompt_hash": "0a331d04f95375ec1479aa4a0a775fcfca3b599d785f4a6abf0261bd7815793d",
  "output_hash": "2ecd0452f6ba85587035c79ca2887f67990e27e592eca4d44fca543f2cae31f0",
  "scores": {
    "physics_score": 60,
    "S_score": 91.16704288983317,
    "Q_text": 90.78065730653927,
    "M": 90.39590930865172,
    "G": 91.16704288983317,
    "delta_as": 1,
    "AS": 95.6,
    "ECC": 94.1364375801165,
    "RCI": 78.92696188457457,
    "SII": 86.0952380952381,
    "IFI": 98.70149253731343,
    "AAI": 95.6
  },
  "verdict": "REJECT",
  "physics_audit": {
    "forced_transitions": 0,
    "dead_zones": 0,
    "feasibility_failures": 0,
    "trajectory_compliance": 0.6
  },
  "run_hash": "9df26ec0926cce1268c5f55d2367ffd5b5f6218e4f4e606002fe1cd1c10f3e97"
}