{
  "schema": "omnipotent.calibration.v1",
  "seed": 15,
  "provider": "anthropic",
  "model": "claude-sonnet-4-20250514",
  "timestamp": "2026-02-18T20:39:02.384Z",
  "prompt_hash": "0a331d04f95375ec1479aa4a0a775fcfca3b599d785f4a6abf0261bd7815793d",
  "output_hash": "3381824346cc037d154db7b8448479e51c47cd8bbfbc3987aa663dac25669f06",
  "scores": {
    "physics_score": 60,
    "S_score": 89.95596623781336,
    "Q_text": 89.43857997458372,
    "M": 88.92416948446369,
    "G": 89.95596623781336,
    "delta_as": 1,
    "AS": 95.6,
    "ECC": 92.70191247101673,
    "RCI": 73.32941041934266,
    "SII": 89.80952380952382,
    "IFI": 95.26906779661016,
    "AAI": 95.6
  },
  "verdict": "REJECT",
  "physics_audit": {
    "forced_transitions": 0,
    "dead_zones": 0,
    "feasibility_failures": 0,
    "trajectory_compliance": 0.6
  },
  "run_hash": "6248ed986babe68f12ef52778314b93be1fd438fb1ce10e5e201bb792956856f"
}