{
  "schema": "omnipotent.calibration.v1",
  "seed": 1,
  "provider": "anthropic",
  "model": "claude-sonnet-4-20250514",
  "timestamp": "2026-02-18T15:28:48.778Z",
  "prompt_hash": "0a331d04f95375ec1479aa4a0a775fcfca3b599d785f4a6abf0261bd7815793d",
  "output_hash": "8643f201e05ae5b2d6c0659e2f9ef9f58794bc8d71aa495c45ae7b51c804e545",
  "scores": {
    "physics_score": 60,
    "S_score": 86.63758042770363,
    "Q_text": 86.9198669162435,
    "M": 87.20307316340568,
    "G": 86.63758042770363,
    "delta_as": 1,
    "AS": 95.6,
    "ECC": 82.33461373428365,
    "RCI": 76.57676913254636,
    "SII": 83.66071428571429,
    "IFI": 100,
    "AAI": 95.6
  },
  "verdict": "REJECT",
  "physics_audit": {
    "forced_transitions": 0,
    "dead_zones": 0,
    "feasibility_failures": 0,
    "trajectory_compliance": 0.6
  },
  "run_hash": "d8bc05228232cc7d772838e5fa4cdfaeeba7ee85fd6edfbeb4b69b675ee70446"
}