{
  "schema": "omnipotent.calibration.v1",
  "seed": 6,
  "provider": "anthropic",
  "model": "claude-sonnet-4-20250514",
  "timestamp": "2026-02-18T17:08:52.997Z",
  "prompt_hash": "0a331d04f95375ec1479aa4a0a775fcfca3b599d785f4a6abf0261bd7815793d",
  "output_hash": "53945d4666bd619d4377816242c1a6092ba68d2c194fb9bd8f501baba01fa1de",
  "scores": {
    "physics_score": 60,
    "S_score": 90.2078153590738,
    "Q_text": 90.18748139242828,
    "M": 90.16715200931243,
    "G": 90.2078153590738,
    "delta_as": 1,
    "AS": 95.6,
    "ECC": 89.02247266262204,
    "RCI": 83.75592392898817,
    "SII": 87.77310924369748,
    "IFI": 95.25925925925927,
    "AAI": 95.6
  },
  "verdict": "REJECT",
  "physics_audit": {
    "forced_transitions": 0,
    "dead_zones": 0,
    "feasibility_failures": 0,
    "trajectory_compliance": 0.6
  },
  "run_hash": "db8067f0e4bd31d95ffcbb80e75d7e5bf3dc6c95ad39f1fce9ef00bb30d9c4d1"
}