{
  "schema": "omnipotent.calibration.v1",
  "seed": 2,
  "provider": "anthropic",
  "model": "claude-sonnet-4-20250514",
  "timestamp": "2026-02-18T15:49:30.008Z",
  "prompt_hash": "0a331d04f95375ec1479aa4a0a775fcfca3b599d785f4a6abf0261bd7815793d",
  "output_hash": "63c52fe4a0feea5b87727d7a7283521ea559f24e06d566fb4edf70bf22528ca3",
  "scores": {
    "physics_score": 60,
    "S_score": 87.26342209038062,
    "Q_text": 87.51003208069149,
    "M": 87.75733900089422,
    "G": 87.26342209038062,
    "delta_as": 1,
    "AS": 95.6,
    "ECC": 81.91580560328056,
    "RCI": 81.83375186481439,
    "SII": 87.77714285714286,
    "IFI": 92.52896995708154,
    "AAI": 95.6
  },
  "verdict": "REJECT",
  "physics_audit": {
    "forced_transitions": 0,
    "dead_zones": 0,
    "feasibility_failures": 0,
    "trajectory_compliance": 0.6
  },
  "run_hash": "b9f48a6d19b357ed6632fdc048f9fc703f4de7aefc7918075f7745f7a0ad788b"
}