{
  "schema": "omnipotent.calibration.v1",
  "seed": 5,
  "provider": "anthropic",
  "model": "claude-sonnet-4-20250514",
  "timestamp": "2026-02-18T16:48:48.966Z",
  "prompt_hash": "0a331d04f95375ec1479aa4a0a775fcfca3b599d785f4a6abf0261bd7815793d",
  "output_hash": "d6017a0845e57ae4d5a9db87adb00f3528bf71100a15a7ea7a6888ca1f87a04f",
  "scores": {
    "physics_score": 60,
    "S_score": 89.95859688398352,
    "Q_text": 90.15392434842441,
    "M": 90.34967592817708,
    "G": 89.95859688398352,
    "delta_as": 1,
    "AS": 95.6,
    "ECC": 87.9729494609302,
    "RCI": 81.13934691417872,
    "SII": 88.22556390977444,
    "IFI": 100,
    "AAI": 95.6
  },
  "verdict": "REJECT",
  "physics_audit": {
    "forced_transitions": 0,
    "dead_zones": 0,
    "feasibility_failures": 0,
    "trajectory_compliance": 0.6
  },
  "run_hash": "ca6b1b5fe240a8a6d34fd74c494ec449cb2d00745f0186146a2e3f12b136c891"
}