{
  "schema": "omnipotent.calibration.v1",
  "seed": 8,
  "provider": "anthropic",
  "model": "claude-sonnet-4-20250514",
  "timestamp": "2026-02-18T17:54:48.025Z",
  "prompt_hash": "0a331d04f95375ec1479aa4a0a775fcfca3b599d785f4a6abf0261bd7815793d",
  "output_hash": "2acc0864092f70be52c38a2cd2cab59435bb5693b934289354eecda4cac6e7ee",
  "scores": {
    "physics_score": 60,
    "S_score": 90.07823399325335,
    "Q_text": 89.35709511091969,
    "M": 88.64172944664946,
    "G": 90.07823399325335,
    "delta_as": 1,
    "AS": 95.6,
    "ECC": 94.51670621619559,
    "RCI": 77.6761292604487,
    "SII": 81.21107266435986,
    "IFI": 96.01118067978533,
    "AAI": 95.6
  },
  "verdict": "REJECT",
  "physics_audit": {
    "forced_transitions": 0,
    "dead_zones": 0,
    "feasibility_failures": 0,
    "trajectory_compliance": 0.6
  },
  "run_hash": "3873bf6cfe8293caeb1659c3fc6627a1eddec2d414cd58125a0f190cfb95bf92"
}