{
  "schema": "omnipotent.calibration.v1",
  "seed": 3,
  "provider": "anthropic",
  "model": "claude-sonnet-4-20250514",
  "timestamp": "2026-02-18T16:09:53.429Z",
  "prompt_hash": "0a331d04f95375ec1479aa4a0a775fcfca3b599d785f4a6abf0261bd7815793d",
  "output_hash": "35fdfe24801a5ff61a6cdbcb68de7f15c742d9131349a3bd0e972759ccc59f73",
  "scores": {
    "physics_score": 60,
    "S_score": 90.31718141754112,
    "Q_text": 90.19405553753067,
    "M": 90.07109751021548,
    "G": 90.31718141754112,
    "delta_as": 1,
    "AS": 92.80000000000001,
    "ECC": 92.68639049978005,
    "RCI": 80.76423925243797,
    "SII": 85.33834586466165,
    "IFI": 100,
    "AAI": 92.80000000000001
  },
  "verdict": "REJECT",
  "physics_audit": {
    "forced_transitions": 0,
    "dead_zones": 0,
    "feasibility_failures": 0,
    "trajectory_compliance": 0.6
  },
  "run_hash": "1820d34cb1f0c95dc57efa5d738c272da2085cedea38cf52b8869252bd46df2a"
}