{
  "schema": "omnipotent.calibration.v1",
  "seed": 16,
  "provider": "anthropic",
  "model": "claude-sonnet-4-20250514",
  "timestamp": "2026-02-18T20:59:11.650Z",
  "prompt_hash": "0a331d04f95375ec1479aa4a0a775fcfca3b599d785f4a6abf0261bd7815793d",
  "output_hash": "67fe221a85de920f057538a15e42d0cd099a90d91181ac95ba26cf7b84fc748d",
  "scores": {
    "physics_score": 60,
    "S_score": 89.02602491711221,
    "Q_text": 88.95215839355167,
    "M": 88.87835315839874,
    "G": 89.02602491711221,
    "delta_as": 1,
    "AS": 95.6,
    "ECC": 88.80883907667126,
    "RCI": 77.63340853165947,
    "SII": 84.14285714285714,
    "IFI": 100,
    "AAI": 95.6
  },
  "verdict": "REJECT",
  "physics_audit": {
    "forced_transitions": 0,
    "dead_zones": 0,
    "feasibility_failures": 0,
    "trajectory_compliance": 0.6
  },
  "run_hash": "d60b31c956539791cb15efb53ea6bb9fcf143cb4ada4756e541084c34a6f9246"
}