{
  "schema": "omnipotent.calibration.v1",
  "seed": 11,
  "provider": "anthropic",
  "model": "claude-sonnet-4-20250514",
  "timestamp": "2026-02-18T19:12:59.589Z",
  "prompt_hash": "0a331d04f95375ec1479aa4a0a775fcfca3b599d785f4a6abf0261bd7815793d",
  "output_hash": "eac142e1e375f602bf288b0f8c3dd751bb284c27a4a722580f4cd694ce24aed5",
  "scores": {
    "physics_score": 60,
    "S_score": 90.60986107670223,
    "Q_text": 90.64753096116303,
    "M": 90.68521650639384,
    "G": 90.60986107670223,
    "delta_as": 1,
    "AS": 95.6,
    "ECC": 90.2496780989874,
    "RCI": 78.78342111618048,
    "SII": 90.22857142857143,
    "IFI": 100,
    "AAI": 95.6
  },
  "verdict": "REJECT",
  "physics_audit": {
    "forced_transitions": 0,
    "dead_zones": 0,
    "feasibility_failures": 0,
    "trajectory_compliance": 0.6
  },
  "run_hash": "c8e74469454b3f4de2a6b0227dea1cb6f977dc583669853e9b85d38d5725c677"
}